# Sensor Strada Sfinții Voievozi, Popești-Leordeni, Romania (uRad Monitor/160000ee)
# https://aqicn.org/station/@109861/
# Daily met.t
date,min,max,median,q1,q3,stdev,count
2020-03-25T00:00:00.000Z,8.11,8.11,8.11,8.11,8.11,0,3
2020-03-27T00:00:00.000Z,6.44,28.34,12.41,9.41,18.89,6.348,1158
2020-03-28T00:00:00.000Z,8.16,28.43,15.05,9.71,20.46,5.603,1293
2020-03-29T00:00:00.000Z,11.9,38.85,18.13,14.8,26.12,8.206,1372
2020-03-30T00:00:00.000Z,9,35.15,18.19,12.25,26.53,7.979,1426
2020-03-31T00:00:00.000Z,5.8,9.75,7.09,6.16,8.76,1.275,932
2020-04-01T00:00:00.000Z,7.27,20.83,11.24,9.52,14.04,3.339,999
2020-04-02T00:00:00.000Z,7.01,9.51,8.46,7.87,9.01,0.737,323
2020-04-04T00:00:00.000Z,9.42,20.54,18.27,15.48,19.39,2.828,458
2020-04-05T00:00:00.000Z,9.68,18.43,14.36,11.52,17.22,2.847,1092
2020-04-06T00:00:00.000Z,7.16,18.57,14.02,9.15,17.37,3.888,1024
2020-04-07T00:00:00.000Z,8.13,23.9,18.59,12.51,21.12,5.211,1057
2020-04-08T00:00:00.000Z,9.68,25.27,19.16,13.74,23.35,5.398,1080
2020-04-09T00:00:00.000Z,11.35,29.28,23.29,17.69,27.01,5.835,993
2020-04-10T00:00:00.000Z,15.51,30.07,23.08,17.3,28.23,5.314,886
2020-04-11T00:00:00.000Z,13.05,24.38,18.73,14.76,22.3,3.788,1057
2020-04-12T00:00:00.000Z,10.65,25.41,21.15,14.49,24.54,5.202,958
2020-04-13T00:00:00.000Z,11.42,28.39,23.45,20.02,26.85,5.471,978
2020-04-14T00:00:00.000Z,6.36,28.37,19.3,14.96,25.07,6.554,1098
2020-04-15T00:00:00.000Z,5.01,18.47,13.32,10.67,16.88,4.017,1060
2020-04-16T00:00:00.000Z,9.1,23.23,19.02,14.09,22.49,4.841,942
2020-04-17T00:00:00.000Z,14.03,28.54,23.41,19.14,27.15,4.616,959
2020-04-18T00:00:00.000Z,15.17,29.6,22.83,16.46,28.23,5.417,564
2020-04-21T00:00:00.000Z,13.84,27.21,15.39,14.71,16.63,2.059,257
2020-04-22T00:00:00.000Z,10.86,21.5,17.59,13.73,20.41,3.476,997
2020-04-23T00:00:00.000Z,11.39,25.12,19.04,15.19,23.47,4.683,1053
2020-04-24T00:00:00.000Z,13.04,28.33,21.25,17.86,26.05,4.913,995
2020-04-25T00:00:00.000Z,14.46,28.93,22.11,16.34,27.69,5.03,694
2020-04-26T00:00:00.000Z,16,28.75,22.15,18.18,27.22,4.318,909
2020-04-27T00:00:00.000Z,12.73,25.96,19.18,15.06,24.85,4.578,1032
2020-04-28T00:00:00.000Z,13.18,29.37,22.32,15.91,27.97,5.597,956
2020-04-29T00:00:00.000Z,14.55,30.3,24.04,16.78,28.82,5.758,634
2020-04-30T00:00:00.000Z,18.3,31.26,21.61,20.39,28.42,4.259,943
2020-05-01T00:00:00.000Z,18.16,30.01,26.06,22.04,29.14,3.87,774
2020-05-02T00:00:00.000Z,18.3,30.87,25.04,20.96,29.56,4.233,1017
2020-05-03T00:00:00.000Z,17.17,28.05,19.64,18.5,24.72,3.251,1107
2020-05-04T00:00:00.000Z,16.46,22.61,18.98,17.47,20.85,1.847,767
2020-05-05T00:00:00.000Z,18.04,26.47,21.71,19.1,24.65,2.776,934
2020-05-06T00:00:00.000Z,14.12,23.62,19.18,18.39,20.29,2.17,916
2020-05-07T00:00:00.000Z,11.48,24.33,18.85,14.8,21.08,3.752,983
2020-05-08T00:00:00.000Z,14.79,24.06,18.53,15.84,21.24,2.94,493
2020-05-09T00:00:00.000Z,15.04,30.26,24.24,18.78,28.72,5.128,953
2020-05-10T00:00:00.000Z,16.94,33.13,20.41,18.26,28.43,5.721,546
2020-05-11T00:00:00.000Z,19.75,34.79,25.87,21.49,34.17,5.821,579
2020-05-12T00:00:00.000Z,15.78,34.95,27.84,23.79,32.11,5.268,1013
2020-05-13T00:00:00.000Z,13.01,26.58,21.82,14.84,24.6,4.704,906
2020-05-14T00:00:00.000Z,18.1,34.04,28.73,22.1,32.4,5.384,1026
2020-05-15T00:00:00.000Z,16.39,27.72,23.91,19.25,25.77,3.58,960
2020-05-16T00:00:00.000Z,20.85,34.77,27.73,23.3,30.45,3.907,1079
2020-05-17T00:00:00.000Z,16.73,32.28,25.92,19.23,29.83,5.256,995
2020-05-18T00:00:00.000Z,20.23,27.08,23.74,22.08,26.21,2.166,858
2020-05-19T00:00:00.000Z,21.52,33.24,27.83,24.09,31.05,3.682,924
2020-05-20T00:00:00.000Z,14.42,30.36,24.09,19.39,26.46,4.616,1133
2020-05-21T00:00:00.000Z,12.79,19.95,17.6,14.34,19.05,2.386,940
2020-05-22T00:00:00.000Z,15.05,25.77,17.29,16.8,24.04,3.565,738
2020-05-23T00:00:00.000Z,14.01,26.56,23.43,18.64,25.04,4.003,1250
2020-05-24T00:00:00.000Z,15.93,29.13,22.51,18.46,24.22,3.824,1355
2020-05-25T00:00:00.000Z,18.34,27.34,20.52,19.43,25.07,2.862,1289
2020-05-26T00:00:00.000Z,16.96,25.32,19.55,17.88,21.15,2.286,1333
2020-05-27T00:00:00.000Z,16.93,24.51,19.88,18.63,22.91,2.338,1372
2020-05-28T00:00:00.000Z,17.34,27.97,20.89,18.98,24.9,3.172,1366
2020-05-29T00:00:00.000Z,16.17,27.91,20.16,18.48,26.66,3.957,1360
2020-05-30T00:00:00.000Z,17.93,26.44,20.7,18.75,22.33,2.178,1382
2020-05-31T00:00:00.000Z,15.91,28.39,22.88,17.79,27.07,4.393,1326
2020-06-01T00:00:00.000Z,16.54,28.13,21.7,20.05,26.75,3.633,1253
2020-06-02T00:00:00.000Z,13.87,20.52,17.55,16.07,19.12,1.91,1377
2020-06-03T00:00:00.000Z,14.47,28.31,22.41,17.21,26.13,4.514,1348
2020-06-04T00:00:00.000Z,17.14,30.89,25.92,19.63,29.74,4.939,1369
2020-06-05T00:00:00.000Z,20.14,35.86,28.79,23.24,34.56,5.545,1365
2020-06-06T00:00:00.000Z,22.45,35.31,29.76,24.93,33.03,4.132,1221
2020-06-08T00:00:00.000Z,25.17,32.5,29.84,26.76,31.56,2.508,587
2020-06-09T00:00:00.000Z,24.69,37.61,29.54,25.82,35.78,4.783,1366
2020-06-10T00:00:00.000Z,24.26,37.68,28.8,25.47,34.47,4.486,1373
2020-06-11T00:00:00.000Z,24.36,32.6,26.76,25.14,28.66,2.437,1354
2020-06-12T00:00:00.000Z,22.4,31.91,26.37,23.83,29.61,2.879,1360
2020-06-13T00:00:00.000Z,21.21,35,29.3,22.91,33.77,4.855,1350
2020-06-14T00:00:00.000Z,23.93,35.53,27.36,25.21,30.7,3.714,1345
2020-06-15T00:00:00.000Z,23.71,31.54,25.7,24.48,26.63,2.013,1354
2020-06-16T00:00:00.000Z,20.29,26.35,23.99,22.86,24.28,1.01,854
2020-06-17T00:00:00.000Z,22.43,30.34,24.56,23.67,27.87,2.394,1374
2020-06-18T00:00:00.000Z,22.94,31.17,26.09,24.45,29.99,2.767,1373
2020-06-19T00:00:00.000Z,23.11,35.11,29.05,26.14,32.72,3.541,1218
2020-06-20T00:00:00.000Z,24.23,36.79,28.54,25.97,33.89,4.003,1380
2020-06-21T00:00:00.000Z,22.44,33.85,24.35,23.21,31.82,4.034,1370
2020-06-22T00:00:00.000Z,22.11,34.53,26.14,23.89,30.46,3.893,1371
2020-06-23T00:00:00.000Z,23.52,31.97,25.37,24.43,28.68,2.605,1284
2020-06-24T00:00:00.000Z,22.48,35.45,30.21,25.9,33.75,4.481,1360
2020-06-25T00:00:00.000Z,24.27,35.17,28.28,25.96,33.19,3.52,1377
2020-06-26T00:00:00.000Z,24.26,35.88,32.77,25.12,34.24,4.255,1109
2020-06-27T00:00:00.000Z,23.51,36.82,34.02,28.22,35.76,4.472,1190
2020-06-28T00:00:00.000Z,24.57,26.46,25.36,24.99,25.87,0.58,171
2020-06-29T00:00:00.000Z,25.94,36.72,31.69,30.59,34.45,2.205,412
2020-06-30T00:00:00.000Z,27.57,40.51,33.1,28.92,38.15,4.54,1272
2020-07-01T00:00:00.000Z,27.43,37.44,31.73,28.59,36.21,3.644,1238
2020-07-02T00:00:00.000Z,26.04,39.2,32.97,28.32,37.32,4.598,1274
2020-07-03T00:00:00.000Z,25.51,39.38,34.14,28.55,38.08,4.865,1304
2020-07-04T00:00:00.000Z,26.55,39.14,29.57,28.52,36.89,4.185,1316
2020-07-05T00:00:00.000Z,26.72,36.61,31.85,28.37,35.96,3.705,1238
2020-07-06T00:00:00.000Z,27.59,36.99,31.21,27.91,36.15,4.026,824
2020-07-07T00:00:00.000Z,22.66,40.59,29.23,24.78,38.4,6.118,1235
2020-07-08T00:00:00.000Z,20.7,30.82,27.02,22.12,29.8,3.504,1285
2020-07-09T00:00:00.000Z,23.43,35.49,27.98,25.42,33.65,4.127,1079
2020-07-10T00:00:00.000Z,23.1,36.54,31.27,25.72,34.92,4.617,1345
2020-07-11T00:00:00.000Z,22.4,36.38,30.99,25.16,35.32,5.033,1328
2020-07-12T00:00:00.000Z,22.04,38.28,25.29,24.15,28.33,4.405,680
2020-07-13T00:00:00.000Z,19.66,27.12,24.22,21.11,26.2,2.549,1266
2020-07-14T00:00:00.000Z,20.41,31.32,25.58,22.42,29.54,3.556,1300
2020-07-15T00:00:00.000Z,20.44,34.95,28.87,22.36,33,5.056,1286
2020-07-16T00:00:00.000Z,23.53,36.21,28.84,24.58,34.2,4.674,1296
2020-07-17T00:00:00.000Z,21.68,35.1,28.85,23.75,33.49,4.649,1303
2020-07-18T00:00:00.000Z,22.68,36.02,29.85,24.77,35.08,4.84,1272
2020-07-19T00:00:00.000Z,23.52,36.4,30.09,24.68,34.35,4.6,972
2020-07-20T00:00:00.000Z,24.01,33.57,31.26,26.43,32.67,3.177,859
2020-07-21T00:00:00.000Z,23.51,35.96,28.67,24.4,32.14,3.627,567
2020-07-22T00:00:00.000Z,25.51,36.96,30.46,27.33,35.24,3.828,1265
2020-07-23T00:00:00.000Z,25.59,34,28.6,26.72,30.9,2.443,1256
2020-07-24T00:00:00.000Z,24.59,36.88,31.86,26.77,35.11,4.098,1278
2020-07-25T00:00:00.000Z,24.79,37.86,31.02,27.49,36.7,4.461,1302
2020-07-26T00:00:00.000Z,24.97,27.45,26.32,26.05,26.34,0.585,177
2020-07-27T00:00:00.000Z,24.98,37.65,33.17,28.57,36.38,4.128,1100
2020-07-28T00:00:00.000Z,25.3,38.36,33.2,27.73,37.26,4.573,1193
2020-07-29T00:00:00.000Z,27.34,40.09,34.44,29.35,38.82,4.509,1210
2020-07-30T00:00:00.000Z,29.07,41.82,34.11,31.03,40.11,4.48,1172
2020-07-31T00:00:00.000Z,27.05,40.76,33.97,29.91,40.04,4.826,1181
2020-08-01T00:00:00.000Z,24.89,37.36,30.61,26.53,35.85,4.572,1173
2020-08-02T00:00:00.000Z,23.53,33.46,27.96,24.92,32.03,3.514,1123
2020-08-03T00:00:00.000Z,22.65,37.18,29.87,24.66,35.13,4.935,1091
2020-08-04T00:00:00.000Z,22.59,36.4,31.95,25.28,35.17,4.923,1212
2020-08-05T00:00:00.000Z,23.28,35.64,30.7,26,33.64,4.175,1350
2020-08-06T00:00:00.000Z,23.29,36.44,30.85,25.45,35.1,4.606,1384
2020-08-07T00:00:00.000Z,25.73,39.13,35.71,26.89,37.88,5.166,1089
2020-08-08T00:00:00.000Z,28.29,37.47,32.61,28.82,36.65,3.512,508
2020-08-09T00:00:00.000Z,26.1,36.6,31.71,28.69,33.04,2.522,1170
2020-08-10T00:00:00.000Z,26.67,38.11,30.47,27.78,36.11,3.854,1345
2020-08-11T00:00:00.000Z,26.37,38.84,31.02,28.37,35.15,4.002,1315
2020-08-12T00:00:00.000Z,26.21,38.09,27.82,27.33,29.98,3.625,1351
2020-08-13T00:00:00.000Z,23.07,35.38,30.05,26.13,33.39,4.034,1356
2020-08-14T00:00:00.000Z,24.92,37.82,32.56,27.31,36.79,4.553,1353
2020-08-15T00:00:00.000Z,26.15,34.02,29.77,27.65,32.04,2.367,1338
2020-08-16T00:00:00.000Z,24.56,32.96,27.92,26.49,30.09,2.42,1357
2020-08-17T00:00:00.000Z,22.3,35.1,29.42,24.62,33.88,4.496,1358
2020-08-18T00:00:00.000Z,22.47,35.83,28.77,25.08,34.94,4.899,1357
2020-08-19T00:00:00.000Z,23.21,34.83,27.06,25.4,32.4,3.85,1359
2020-08-20T00:00:00.000Z,23.97,33.22,27.4,25.31,30.05,2.898,1359
2020-08-21T00:00:00.000Z,25.03,37.45,31.92,26.69,36.24,4.512,1328
2020-08-22T00:00:00.000Z,26.21,38.51,32.47,28.48,37.53,4.407,1307
2020-08-23T00:00:00.000Z,25.54,38.67,31.93,28.39,37.33,4.471,1327
2020-08-24T00:00:00.000Z,24.28,37.61,31.82,26.93,35.89,4.438,1268
2020-08-25T00:00:00.000Z,25.11,36.18,27.77,26.72,33.02,3.609,1290
2020-08-26T00:00:00.000Z,24.61,34.08,28.86,25.74,32.38,3.205,1292
2020-08-27T00:00:00.000Z,24.01,37.67,31.04,26.48,36.59,4.871,1314
2020-08-28T00:00:00.000Z,23.75,37.1,29.65,25.81,35.67,4.738,1327
2020-08-29T00:00:00.000Z,23.08,40.6,31.98,24.97,39.46,6.432,1311
2020-08-30T00:00:00.000Z,23.08,37.59,32.31,24.72,35.85,5.454,1054
2020-08-31T00:00:00.000Z,23.58,38.77,31.28,26.61,36.97,5.332,1244
2020-09-01T00:00:00.000Z,22.83,38.34,33.15,25.1,37.1,5.943,1031
2020-09-02T00:00:00.000Z,24.05,37.15,32.11,29.23,35.47,4.14,1153
2020-09-03T00:00:00.000Z,26.53,34.68,30.03,28.29,33.27,2.539,1303
2020-09-04T00:00:00.000Z,21.43,26.59,24.31,23.06,25.11,1.264,1272
2020-09-05T00:00:00.000Z,21.42,32.15,26.49,22.94,30.83,3.806,1280
2020-09-06T00:00:00.000Z,22.67,33.36,28.32,25.46,32.49,3.704,1142
2020-09-07T00:00:00.000Z,24.05,35.57,29.78,26.46,34.45,4.051,1129
2020-09-08T00:00:00.000Z,22.22,30.45,25.87,24.61,29.21,2.515,1201
2020-09-09T00:00:00.000Z,23.09,33.63,28.86,24.85,32.81,3.77,1077
2020-09-10T00:00:00.000Z,22.81,35.27,29.85,26.17,34.29,4.258,1051
2020-09-11T00:00:00.000Z,23.44,32.29,27.06,24.88,31.07,3.115,1110
2020-09-12T00:00:00.000Z,22.59,33.42,28.24,23.77,31.88,3.859,1084
2020-09-13T00:00:00.000Z,22.89,34.97,27.75,24.46,33.83,4.326,1169
2020-09-14T00:00:00.000Z,23.05,33.46,28.05,25.49,31.95,3.398,1119
2020-09-15T00:00:00.000Z,22.59,32.22,28.13,25.32,31.12,3.075,983
2020-09-16T00:00:00.000Z,23,33.86,27.1,24.05,32.64,4.093,1235
2020-09-17T00:00:00.000Z,21.6,33.4,25.72,23.72,31.34,3.977,1152
2020-09-18T00:00:00.000Z,19.85,27.47,22.83,21.13,24.69,2.193,1144
2020-09-19T00:00:00.000Z,17.72,26.31,20.1,18.7,24.55,2.921,1221
2020-09-20T00:00:00.000Z,16.11,27.86,21.57,17.88,26.65,3.996,1205
2020-09-21T00:00:00.000Z,17.5,30.01,23.88,19.11,28.64,4.396,1209
2020-09-22T00:00:00.000Z,18.07,29.56,22.6,20,28.49,3.971,1226
2020-09-23T00:00:00.000Z,17.32,30.92,26.07,20.04,28.85,4.811,1247
2020-09-24T00:00:00.000Z,20.02,32.92,26.21,22.64,30.42,4.199,1266
2020-09-25T00:00:00.000Z,22.39,34.5,29.16,24.88,33.22,4.034,1149
2020-09-26T00:00:00.000Z,21.02,24.81,23.12,21.78,23.98,1.184,434
2020-09-27T00:00:00.000Z,17.95,27.22,20.99,19.22,26.01,3.351,1268
2020-09-28T00:00:00.000Z,16.21,32.29,26.71,17.7,30.36,5.747,1250
2020-09-29T00:00:00.000Z,19.05,27.36,22.78,22.02,24.83,2.153,1266
2020-09-30T00:00:00.000Z,16.34,26.45,20,17.69,25.1,3.566,1201
2020-10-01T00:00:00.000Z,18.93,24.45,21.01,19.48,22.65,1.66,910
2020-10-02T00:00:00.000Z,19.52,29.17,27.72,24.95,28.58,2.913,530
2020-10-03T00:00:00.000Z,23.61,23.61,23.61,23.61,23.61,0,1
2020-10-05T00:00:00.000Z,20.61,34.44,28.38,23.65,31.72,4.712,1016
2020-10-06T00:00:00.000Z,21.52,31.56,25.02,23.27,27.43,2.815,1127
2020-10-07T00:00:00.000Z,21.31,31.13,24.5,22.58,29.83,3.51,872
2020-10-08T00:00:00.000Z,20.99,25.38,22.53,21.48,23.47,1.196,1004
2020-10-09T00:00:00.000Z,18.51,21.22,19.75,18.8,20.22,0.873,275
2020-10-10T00:00:00.000Z,18.64,26.01,22.42,21.89,24.53,1.59,1100
2020-10-11T00:00:00.000Z,19.57,21.34,20.42,19.75,21.07,0.594,267
2020-10-12T00:00:00.000Z,17.25,29.29,23.26,20.27,27.48,4.046,1025
2020-10-13T00:00:00.000Z,14.48,24.18,21.02,18.17,22.32,2.862,1251
2020-10-14T00:00:00.000Z,13.47,26.13,17.54,14.45,22.34,3.619,1232
2020-10-15T00:00:00.000Z,14.69,16.6,15.65,15.13,16.16,0.548,288
2020-10-16T00:00:00.000Z,14.84,28.5,23.71,19.91,26.66,3.874,1093
2020-10-17T00:00:00.000Z,16.17,25.63,20.92,20.28,23.17,2.34,1236
2020-10-18T00:00:00.000Z,12.9,23.92,16.72,14.44,19.93,2.857,1230
2020-10-19T00:00:00.000Z,12.98,23.71,16.07,13.76,19.89,3.139,1245
2020-10-20T00:00:00.000Z,10.87,21.88,14.46,12.64,19.69,3.53,1257
2020-10-21T00:00:00.000Z,11.37,25.71,15.93,12.64,21.67,4.178,1212
2020-10-22T00:00:00.000Z,12.27,26.78,16.43,13.93,22.93,4.291,1232
2020-10-23T00:00:00.000Z,13.49,20.77,16.57,14.8,17.71,1.943,593
2020-10-24T00:00:00.000Z,14.16,25.55,19.62,15.71,22.86,3.636,1245
2020-10-25T00:00:00.000Z,17,24.17,20.11,18,22.14,2.129,1352
2020-10-26T00:00:00.000Z,18.8,24.52,19.98,19.45,22.81,1.723,938
2020-10-27T00:00:00.000Z,13.62,20.32,17.04,15.78,18.8,1.884,1187
2020-10-28T00:00:00.000Z,16.71,21.99,20.27,17.6,20.89,1.685,1277
2020-10-29T00:00:00.000Z,17.39,23.25,19.63,18.82,21.43,1.676,1167
2020-10-30T00:00:00.000Z,14.88,19.57,16.89,16.09,18.05,1.284,1301
2020-10-31T00:00:00.000Z,9.82,16.93,13.44,12.26,15.01,1.906,929
2020-11-01T00:00:00.000Z,10.24,22.11,13.67,11.39,17.39,3.51,1187
2020-11-02T00:00:00.000Z,9.21,22.31,14.87,11.27,18.16,3.56,1271
2020-11-03T00:00:00.000Z,14.63,19.8,16.48,15.53,18.05,1.533,1255
2020-11-04T00:00:00.000Z,11.72,18.59,14.27,13.5,16.01,1.472,1022
2020-11-05T00:00:00.000Z,11.34,23.9,15.54,12.08,18.6,3.066,1013
2020-11-06T00:00:00.000Z,13.96,18.87,15.69,15.38,17.41,1.272,999
2020-11-07T00:00:00.000Z,13.55,15.48,14.3,13.93,14.67,0.548,158
2020-11-08T00:00:00.000Z,11.11,19.66,14.45,12.44,17.22,2.799,503
2020-11-09T00:00:00.000Z,11.32,16.46,13.09,11.97,15.59,1.802,705
2020-11-10T00:00:00.000Z,10.67,13.54,11.87,11.18,12.59,0.815,865
2020-11-11T00:00:00.000Z,11.79,15.07,13.17,12.59,13.73,0.773,1071
2020-11-12T00:00:00.000Z,12.52,17.38,15.15,13.32,15.59,1.422,1043
2020-11-13T00:00:00.000Z,11.94,16.14,14.83,14.36,15.59,1.073,578
2020-11-14T00:00:00.000Z,13.7,17.8,15.93,14.91,16.7,1.047,513
2020-11-15T00:00:00.000Z,9.89,22.74,14.23,12.04,18.07,3.025,777
2020-11-16T00:00:00.000Z,8.75,21.21,11.48,9.86,16.76,3.203,818
2020-11-17T00:00:00.000Z,10.29,16.41,14.64,12.84,14.97,1.641,588
2020-11-18T00:00:00.000Z,8.47,14.73,10.48,9.35,11.82,1.885,995
2020-11-19T00:00:00.000Z,7.94,14.5,13,10.11,13.53,1.943,1069
2020-11-20T00:00:00.000Z,9.46,15.65,13.2,12.84,13.74,1.21,987
2020-11-21T00:00:00.000Z,7.98,10.15,8.89,8.39,9.26,0.545,1036
2020-11-22T00:00:00.000Z,6.34,17.36,8.57,7.82,11.41,2.402,1025
2020-11-23T00:00:00.000Z,5.16,19.59,10.65,6.11,14.1,3.82,940
2020-11-24T00:00:00.000Z,7.73,18.25,10.79,9.18,13.47,2.717,988
2020-11-25T00:00:00.000Z,6.19,16.8,9.18,7.59,12.82,2.772,990
2020-11-26T00:00:00.000Z,4.66,16.48,6.79,5.28,12.4,3.613,981
2020-11-27T00:00:00.000Z,2.21,16.03,6.6,3.84,11.47,3.916,967
2020-11-28T00:00:00.000Z,3.39,7,4.72,4.23,5.2,0.733,1009
2020-11-29T00:00:00.000Z,5.32,8.19,7.03,5.99,7.56,0.819,1016
2020-11-30T00:00:00.000Z,4.36,8.34,6.81,5.27,7.31,1.184,889
2020-12-01T00:00:00.000Z,4.68,10.55,6.93,5.93,7.39,1.39,883
2020-12-02T00:00:00.000Z,5.09,10.05,7.08,6.26,7.89,1.31,968
2020-12-03T00:00:00.000Z,5.62,8.69,6.97,6.3,7.76,0.815,809
2020-12-04T00:00:00.000Z,7.73,15.38,13.01,11.98,13.79,1.786,651
2020-12-05T00:00:00.000Z,9.16,15.13,13.22,11.94,13.99,1.6,860
2020-12-06T00:00:00.000Z,4.45,9.06,5.96,5.09,6.64,1.156,836
2020-12-07T00:00:00.000Z,0.13,4.43,2.68,1.29,3.63,1.352,663
2020-12-08T00:00:00.000Z,0.43,4.79,3.2,2.61,3.5,0.935,925
2020-12-09T00:00:00.000Z,1.79,4.38,3.13,2.87,3.52,0.457,1041
2020-12-10T00:00:00.000Z,3.93,9.65,7.87,6.01,8.33,1.568,1006
2020-12-11T00:00:00.000Z,7.93,11.06,9.52,8.74,10.35,0.88,1021
2020-12-12T00:00:00.000Z,0.99,9.98,6.49,5.86,7.44,1.353,961
2020-12-13T00:00:00.000Z,9.34,11.65,11,10.41,11.29,0.579,1083
2020-12-14T00:00:00.000Z,9.51,13.66,11.59,10.85,12.42,1.097,1020
2020-12-15T00:00:00.000Z,9.57,12.23,10.8,10.25,11.31,0.664,554
2020-12-16T00:00:00.000Z,10.84,12.3,11.62,11.29,11.86,0.329,908
2020-12-17T00:00:00.000Z,9.21,10.89,9.93,9.69,10.37,0.399,976
2020-12-18T00:00:00.000Z,8.64,10.53,9.74,9.47,10.1,0.451,1041
2020-12-19T00:00:00.000Z,7.78,10.26,9.36,8.99,9.61,0.543,784
2020-12-20T00:00:00.000Z,7.9,10.6,8.67,8.34,9.08,0.658,866
2020-12-21T00:00:00.000Z,6.64,9.14,8.56,8.03,8.76,0.685,783
2020-12-22T00:00:00.000Z,7.98,10.56,9.59,8.92,10.01,0.68,1007
2020-12-23T00:00:00.000Z,8.92,10.98,9.03,9.02,9.27,0.481,111
2020-12-24T00:00:00.000Z,9.94,14.66,11.08,10.64,12.89,1.381,885
2020-12-25T00:00:00.000Z,10.28,18.14,13.39,10.86,15.47,2.593,1036
2020-12-26T00:00:00.000Z,3.35,11.77,8.23,5.75,9.53,2.332,809
2020-12-27T00:00:00.000Z,3.64,10.66,4.65,4.18,6.5,1.916,974
2020-12-28T00:00:00.000Z,9.89,20.62,13.9,12.39,17.98,3.041,1027
2020-12-29T00:00:00.000Z,8.72,22.88,13.89,10.06,17.05,4.006,728
2020-12-30T00:00:00.000Z,8.88,17.21,14.74,10.42,16.09,2.802,526
2020-12-31T00:00:00.000Z,7.4,20.34,13.27,8.57,16.36,4.014,1092
2021-01-01T00:00:00.000Z,8.38,19.48,10.92,9.21,13.48,2.527,1062
2021-01-02T00:00:00.000Z,5.73,17.14,11.41,7.82,13,2.997,771
2021-01-03T00:00:00.000Z,9.94,13.52,12.38,11.43,13.01,0.993,145
2021-01-04T00:00:00.000Z,10.22,13.07,11.11,10.73,11.44,0.703,182
2021-01-05T00:00:00.000Z,9.07,13.96,10.88,9.43,11.59,1.264,281
2021-01-06T00:00:00.000Z,8.61,11.95,11.64,10.67,11.75,1.185,228
2021-01-07T00:00:00.000Z,9.93,18.23,11.2,10.76,11.87,1.586,1016
2021-01-08T00:00:00.000Z,4.25,11.63,7.82,5.65,10.09,2.359,746
2021-01-09T00:00:00.000Z,4.43,10.17,8.58,7,9.09,1.511,931
2021-01-10T00:00:00.000Z,3.38,8.09,5.57,3.98,6.34,1.295,719
2021-01-11T00:00:00.000Z,2.27,3.89,2.83,2.72,3.12,0.394,701
2021-01-12T00:00:00.000Z,2.69,6.15,3.51,3.33,3.85,0.882,907
2021-01-13T00:00:00.000Z,5.59,7.33,6.45,6.21,6.75,0.398,1005
2021-01-14T00:00:00.000Z,2.83,13.63,5.31,3.92,6.23,2.138,890
2021-01-15T00:00:00.000Z,1.42,13.02,4.97,2.22,7.67,3.293,715
2021-01-16T00:00:00.000Z,-1.25,4.19,1.68,0.47,2.17,1.29,904
2021-01-17T00:00:00.000Z,-1.04,8.44,0.53,0.16,4.28,2.46,963
2021-01-18T00:00:00.000Z,-3.32,4.84,-0.55,-1.23,1.46,1.943,824
2021-01-19T00:00:00.000Z,-3.41,5.05,0.7,-2.5,2.82,2.541,851
2021-01-20T00:00:00.000Z,0.34,9.67,4.98,2.52,7.29,2.852,904
2021-01-21T00:00:00.000Z,5.16,17.95,8.15,6,12.66,3.637,926
2021-01-22T00:00:00.000Z,5.6,18.3,10.67,6.6,13.79,3.265,945
2021-01-23T00:00:00.000Z,7.14,21.25,10.54,8.25,16.39,4.003,975
2021-01-24T00:00:00.000Z,8.89,20.86,10.72,10.19,14.83,3.129,979
2021-01-25T00:00:00.000Z,4.88,13.11,9.05,6.96,10.45,2.126,956
2021-01-26T00:00:00.000Z,4.05,9.9,7.22,6.88,7.84,1.09,980
2021-01-27T00:00:00.000Z,2.43,8.77,5.91,4.03,6.97,1.668,953
2021-01-28T00:00:00.000Z,1.39,10.19,4.76,3.64,7.08,2.195,999
2021-01-29T00:00:00.000Z,0.92,9.36,6.93,3.54,7.71,2.459,984
2021-01-30T00:00:00.000Z,6.98,12.17,8.49,8.02,9.61,1.394,984
2021-01-31T00:00:00.000Z,2.68,9.52,7.4,3.96,8.18,2.212,977
2021-02-01T00:00:00.000Z,2.27,9.33,6.02,2.98,8.34,2.408,908
2021-02-02T00:00:00.000Z,4.66,11.07,9.11,6.61,9.44,1.737,919
2021-02-03T00:00:00.000Z,8.44,10.94,8.86,8.63,10.25,0.831,662
2021-02-04T00:00:00.000Z,6.61,18.09,13.34,8.66,14.99,3.654,872
2021-02-05T00:00:00.000Z,8.46,19.54,10.97,10.02,14.76,2.911,922
2021-02-06T00:00:00.000Z,4.59,9.61,8.1,7.22,8.77,1.145,925
2021-02-07T00:00:00.000Z,1.56,5,3.51,2.45,4.26,0.999,1016
2021-02-08T00:00:00.000Z,3.54,9.69,7.37,6.27,8.22,1.496,995
2021-02-09T00:00:00.000Z,5.99,21.01,13.59,7.75,17.13,4.458,930
2021-02-10T00:00:00.000Z,9.75,23.01,15.33,11.76,18.07,3.598,961
2021-02-11T00:00:00.000Z,3.5,19.22,11.93,7.6,16.05,4.745,977
2021-02-12T00:00:00.000Z,-4.3,5.46,0.97,-0.65,3.35,2.447,962
2021-02-13T00:00:00.000Z,-3.7,6.52,-1.29,-3.06,1.71,2.706,997
2021-02-14T00:00:00.000Z,-3.36,5.2,2.25,-1.12,3.58,2.575,1004
2021-02-15T00:00:00.000Z,-0.66,12.52,1.99,0.99,5.92,3.092,970
2021-02-16T00:00:00.000Z,-1.46,4.05,-0.33,-0.85,2.06,1.734,574
2021-02-17T00:00:00.000Z,-3.2,11.06,5.57,4.34,7.1,3.814,951
2021-02-18T00:00:00.000Z,-0.8,10.86,4.76,3.92,8.94,3.13,1047
2021-02-19T00:00:00.000Z,-1.91,2.68,0.78,-0.96,1.57,1.406,985
2021-02-20T00:00:00.000Z,1.17,6.11,4.84,2,5.27,1.647,1012
2021-02-21T00:00:00.000Z,4.73,12.34,6.32,5.64,10.4,2.426,1067
2021-02-22T00:00:00.000Z,4.09,9.74,5.58,4.67,7.58,1.784,974
2021-02-23T00:00:00.000Z,1.08,12.56,6.53,3.11,9.32,3.52,966
2021-02-24T00:00:00.000Z,0.41,10.43,5.15,2.61,7.35,2.75,971
2021-02-25T00:00:00.000Z,3.67,21.14,12.52,5.28,18.64,5.985,985
2021-02-26T00:00:00.000Z,8.69,24.03,14.91,10.7,21.22,5.054,947
2021-02-27T00:00:00.000Z,5.13,20.59,9.88,8.23,15.29,4.061,999
2021-02-28T00:00:00.000Z,6.16,15.76,9.22,7.74,13.85,2.985,1062
2021-03-01T00:00:00.000Z,5.09,9.99,7.53,6.64,8.85,1.408,1006
2021-03-02T00:00:00.000Z,6.71,14.52,9.64,8.01,12.11,2.431,998
2021-03-03T00:00:00.000Z,4.21,17.3,9.88,7.02,14.75,4.074,973
2021-03-04T00:00:00.000Z,6.31,19.26,12.2,7.02,17.45,4.521,992
2021-03-05T00:00:00.000Z,6.29,21.27,14.29,9.66,19.26,4.582,1036
2021-03-06T00:00:00.000Z,2.31,12.83,5.08,4.09,5.84,2.154,1050
2021-03-07T00:00:00.000Z,3.56,14.63,5.92,4.63,10.63,3.25,1098
2021-03-08T00:00:00.000Z,2.06,15.88,12.33,3.7,13.62,5.122,741
2021-03-09T00:00:00.000Z,0.56,9.94,7.76,1.25,8.83,3.502,615
2021-03-10T00:00:00.000Z,0.48,7.77,2.48,1.38,3.05,1.192,701
2021-03-11T00:00:00.000Z,-2.78,6.72,2.93,0.28,4.79,2.818,960
2021-03-12T00:00:00.000Z,0.46,9.46,4.84,2.47,6.72,2.471,1053
2021-03-13T00:00:00.000Z,4.32,13.3,8.17,5.91,10.34,2.66,1026
2021-03-14T00:00:00.000Z,4.38,19.7,12.35,6.58,17.69,5.149,1064
2021-03-15T00:00:00.000Z,6.86,14.47,9.51,8.52,10.61,1.548,971
2021-03-16T00:00:00.000Z,7.29,9.86,8.44,8.27,8.82,0.422,971
2021-03-17T00:00:00.000Z,6.22,12.22,8.61,8.01,9.69,1.545,985
2021-03-18T00:00:00.000Z,6.05,12.44,8.86,7.23,10.95,1.978,663
2021-03-19T00:00:00.000Z,4.71,13.68,7.02,5.55,11.33,2.793,930
2021-03-20T00:00:00.000Z,2.88,11.67,6.62,4.3,9.85,2.676,1021
2021-03-21T00:00:00.000Z,3.76,9.72,7.25,5.21,8.5,1.783,960
2021-03-22T00:00:00.000Z,1.76,6.71,4.76,3.01,5.96,1.521,977
2021-03-23T00:00:00.000Z,1.58,10.74,6.26,4.88,8.58,2.449,1139
2021-03-24T00:00:00.000Z,1.08,9.72,3.16,2.5,4.21,1.853,995
2021-03-25T00:00:00.000Z,2.83,11.25,7.48,6.37,9.43,2.207,971
2021-03-26T00:00:00.000Z,6.09,19.07,11.36,7.81,15.76,4.203,969
2021-03-27T00:00:00.000Z,6.1,19.85,12.69,7.49,18.02,4.79,920
2021-03-28T00:00:00.000Z,7.96,22.67,13.69,9.23,21.1,5.513,704
2021-03-29T00:00:00.000Z,7.45,20.58,11.36,9.5,18.21,4.393,601
2021-03-30T00:00:00.000Z,7.43,17.27,13.8,9.41,16.12,3.369,741
2021-03-31T00:00:00.000Z,7.36,20.71,15.73,9.17,18.3,4.317,695
2021-04-01T00:00:00.000Z,7.03,19.26,13.44,9.48,17.96,4.161,727
2021-04-02T00:00:00.000Z,10.29,24.15,14.13,11.58,21.66,4.921,731
2021-04-03T00:00:00.000Z,8.72,16.1,12.58,10.97,14.56,2.209,777
2021-04-04T00:00:00.000Z,9.27,13.42,11.63,10.09,12.37,1.18,720
2021-04-05T00:00:00.000Z,7.97,17.88,10.38,9.11,13.9,2.993,745
2021-04-06T00:00:00.000Z,6.23,20.14,16.44,9.25,19.23,4.884,681
2021-04-07T00:00:00.000Z,4.67,15.46,8.24,7.54,9.4,2.559,667
2021-04-08T00:00:00.000Z,5.52,16.79,8.75,7.11,13.55,3.229,519
2021-04-10T00:00:00.000Z,5.61,20.18,17.07,10.41,17.84,4.616,971
2021-04-11T00:00:00.000Z,5.86,20.88,14.52,7.87,18.64,5.052,1258
2021-04-12T00:00:00.000Z,7.16,24.32,18.78,11.79,23.09,6.05,1286
2021-04-13T00:00:00.000Z,10.02,26.26,19.8,12.52,24.38,5.45,1267
2021-04-14T00:00:00.000Z,8.3,16.11,11.9,11.2,12.7,1.572,1290
2021-04-15T00:00:00.000Z,7.58,17.94,11.2,8.48,15.45,3.546,1281
2021-04-16T00:00:00.000Z,6.31,17.45,12.34,7.56,16.57,4.048,1259
2021-04-17T00:00:00.000Z,6.96,18.89,13.79,8.43,15.51,3.789,1251
2021-04-18T00:00:00.000Z,9.77,12.2,11.2,10.68,11.69,0.66,1257
2021-04-19T00:00:00.000Z,11.85,12.54,12.3,12.06,12.36,0.175,316
2021-04-20T00:00:00.000Z,10.48,18.79,14.3,12.55,16.94,2.552,818
2021-04-21T00:00:00.000Z,10.51,22.59,15.86,12.63,20.78,3.823,1141
2021-04-22T00:00:00.000Z,10.19,23.17,17.88,12.73,22.3,4.392,1267
2021-04-23T00:00:00.000Z,9.63,21.94,17.48,12.71,18.42,3.549,1226
2021-04-24T00:00:00.000Z,8.81,19.3,13.66,11.04,17.43,3.497,1265
2021-04-25T00:00:00.000Z,8.17,22.21,16.04,10.51,20.74,4.959,1279
2021-04-26T00:00:00.000Z,10.13,26.14,15.33,11.59,22.83,5.564,1254
2021-04-27T00:00:00.000Z,7.48,19.23,12.12,10.19,17.98,3.993,1257
2021-04-28T00:00:00.000Z,6.65,10.48,8.88,7.44,9.67,1.201,1286
2021-04-29T00:00:00.000Z,10.07,19.61,16.28,11.38,18.78,3.492,1062
2021-05-01T00:00:00.000Z,16.87,30.54,26.47,22.87,29.79,4.628,1124
2021-05-02T00:00:00.000Z,20.39,32.7,25.87,22.94,30.98,4.134,1282
2021-05-03T00:00:00.000Z,16.98,31.67,22.74,20.7,27.96,4.195,1274
2021-05-04T00:00:00.000Z,13.13,25.03,20.07,16.43,23.68,3.849,1279
2021-05-05T00:00:00.000Z,13.68,23.04,18.77,15.58,20.49,2.761,1251
2021-05-06T00:00:00.000Z,13.52,27.9,21.33,16.8,26.34,4.686,1285
2021-05-07T00:00:00.000Z,15.03,29.12,22.98,16.62,28.24,5.262,1283
2021-05-08T00:00:00.000Z,16.34,24.38,18.82,17.64,21.07,2.19,1002
2021-05-09T00:00:00.000Z,10.03,23.21,19.32,14.47,21.36,4.163,1129
2021-05-10T00:00:00.000Z,10.25,25.42,19.82,12.63,24.46,5.659,1276
2021-05-11T00:00:00.000Z,8.94,24.63,19.29,12.36,23.38,5.413,1282
2021-05-12T00:00:00.000Z,13.05,27.21,19.17,15.08,26.16,5.126,1285
2021-05-13T00:00:00.000Z,14.18,24.16,19.48,15.83,22.39,3.227,1268
2021-05-14T00:00:00.000Z,15.28,25.96,21.13,16.07,24.8,3.888,1296
2021-05-15T00:00:00.000Z,15.58,28.76,20.65,17.19,27.79,4.839,1261
2021-05-16T00:00:00.000Z,16.92,26.28,19.89,18.48,22.84,2.858,1219
2021-05-17T00:00:00.000Z,15.56,27.77,21.22,17.45,24.4,3.859,1260
2021-05-18T00:00:00.000Z,15.42,24.88,19.48,17.36,23.12,3.011,1281
2021-05-19T00:00:00.000Z,14.55,27.2,22.61,16.26,26.52,4.711,1202
2021-05-20T00:00:00.000Z,13.52,17.13,15.62,14.91,16.3,0.889,1298
2021-05-21T00:00:00.000Z,15.13,23.98,19.23,16.55,21.57,2.549,1232
2021-05-22T00:00:00.000Z,14.17,26.84,22.41,18.5,25.9,4.217,1262
2021-05-23T00:00:00.000Z,17.44,31.82,25.27,20.7,29.43,4.89,1290
2021-05-24T00:00:00.000Z,20.13,31.47,23.13,21.39,29.92,4.125,657
2021-05-25T00:00:00.000Z,19.48,27.58,23.07,21.46,24.98,2.257,867
2021-05-26T00:00:00.000Z,16.84,27.69,22.38,19.13,25.82,3.533,1273
2021-05-27T00:00:00.000Z,16.44,28.57,24.82,18.37,27.03,4.201,1290
2021-05-28T00:00:00.000Z,19.59,23.08,20.95,20.45,21.73,0.867,1252
2021-05-29T00:00:00.000Z,18.82,27.58,21.64,19.8,25.12,2.836,1232
2021-05-30T00:00:00.000Z,15.42,26.19,18.52,17.69,23.35,3.183,1266
2021-05-31T00:00:00.000Z,15.26,20.85,17.6,16.57,19.16,1.499,1270
2021-06-01T00:00:00.000Z,11.61,16.76,14.1,12.64,15.75,1.539,1265
2021-06-02T00:00:00.000Z,12.59,22.58,17.18,14.04,20.66,3.22,1140
2021-06-03T00:00:00.000Z,16.18,23.9,19.43,16.92,21.12,2.267,1260
2021-06-04T00:00:00.000Z,17.7,27.16,22.29,19.95,25.6,3.147,1282
2021-06-05T00:00:00.000Z,19.39,31.9,24.7,21.22,27.78,3.571,1274
2021-06-06T00:00:00.000Z,19.26,26.38,22.37,20.78,24.66,2.153,1287
2021-06-07T00:00:00.000Z,17.6,31.67,23.48,20.69,28.45,4.306,1261
2021-06-08T00:00:00.000Z,18.73,31.51,23.54,20.94,26.37,3.754,1243
2021-06-09T00:00:00.000Z,18.79,32.81,23.01,21.28,27.49,4.056,1212
2021-06-10T00:00:00.000Z,20.26,30.89,23.06,21.47,28.66,3.79,576
2021-06-11T00:00:00.000Z,17.28,30.46,22,20.43,29.36,4.32,980
2021-06-12T00:00:00.000Z,18.86,28.34,22.83,20.94,26.8,3.009,852
2021-06-13T00:00:00.000Z,16.68,26.16,19.82,18.3,22.45,2.405,1131
2021-06-14T00:00:00.000Z,16.46,24.52,20.02,18.21,22.33,2.376,1268
2021-06-15T00:00:00.000Z,18.1,23.68,19.84,19.3,21.2,1.504,1254
2021-06-16T00:00:00.000Z,18.68,27.06,21.88,20.18,24.93,2.482,1277
2021-06-17T00:00:00.000Z,20.52,29.45,25.05,23.31,27.07,2.618,1298
2021-06-18T00:00:00.000Z,20.64,24.56,21.77,21.15,23.68,1.256,1253
2021-06-19T00:00:00.000Z,17.78,22.82,19.61,19.07,20.61,1.125,1268
2021-06-20T00:00:00.000Z,18.41,27.16,23.16,21.22,25.24,2.342,1272
2021-06-21T00:00:00.000Z,21.7,32.97,26.11,23.07,28.63,3.256,1294
2021-06-22T00:00:00.000Z,21.12,33.58,29.11,23.61,32.49,4.516,1258
2021-06-23T00:00:00.000Z,22.69,35.11,29.49,25.24,32.77,4.093,1270
2021-06-24T00:00:00.000Z,24.08,37.21,30.6,26.41,35.76,4.672,1280
2021-06-25T00:00:00.000Z,26.5,37.9,31.56,27.84,35.75,3.972,1268
2021-06-26T00:00:00.000Z,22.03,34.9,27.85,24.89,33.29,4.166,1285
2021-06-27T00:00:00.000Z,23.29,33.61,26.31,24.66,31.7,3.563,1223
2021-06-28T00:00:00.000Z,22.77,33.99,28.37,24.17,31.54,3.595,1305
2021-06-29T00:00:00.000Z,23.96,36.4,30.9,25.66,35.22,4.525,1259
2021-06-30T00:00:00.000Z,24.48,38.39,32.29,26.72,37.18,4.979,1251
2021-07-01T00:00:00.000Z,20.62,33.68,26.33,24.62,32.45,4.193,1288
2021-07-02T00:00:00.000Z,22.53,31.99,25.74,23.78,27.64,2.693,1270
2021-07-03T00:00:00.000Z,21.42,29.67,23.57,22.48,26.09,2.44,1262
2021-07-04T00:00:00.000Z,20.42,31.42,25.9,23.07,29.71,3.559,1274
2021-07-05T00:00:00.000Z,21.5,32.17,25.32,23.27,30.71,3.571,1238
2021-07-06T00:00:00.000Z,23.74,33.43,28.23,25.25,31.3,2.992,1272
2021-07-07T00:00:00.000Z,24.57,33.38,26.89,25.35,30.81,2.944,1225
2021-07-08T00:00:00.000Z,23.17,30.67,27.25,24.59,29.29,2.454,1201
2021-07-09T00:00:00.000Z,23.69,34.88,29.21,25.13,32.93,3.841,1123
2021-07-10T00:00:00.000Z,21.65,34.45,30.29,24.34,32.15,4.073,1126
2021-07-11T00:00:00.000Z,20.23,35.36,24.4,23.28,31.87,4.614,1174
2021-07-12T00:00:00.000Z,22.3,33.79,27.66,24.83,32.78,3.977,1216
2021-07-13T00:00:00.000Z,23.25,35.71,29.39,25.84,33.89,4.193,1171
2021-07-14T00:00:00.000Z,22.97,35.22,29.78,25.54,33.54,4.094,1197
2021-07-15T00:00:00.000Z,23.19,34.89,29.6,25.21,34.02,4.253,1185
2021-07-16T00:00:00.000Z,22.49,35.11,29.19,24.95,33.79,4.462,1178
2021-07-17T00:00:00.000Z,22.84,35.06,29.49,24.94,34.02,4.275,1177
2021-07-18T00:00:00.000Z,24.3,35.49,30.01,25.66,34.57,4.156,1117
2021-07-19T00:00:00.000Z,24.3,35.39,30.09,26.35,33.74,3.757,1111
2021-07-20T00:00:00.000Z,24.37,33.49,30.27,26.93,32.68,3.015,1038
2021-07-21T00:00:00.000Z,22.35,34,25.24,24.2,28.66,3.521,1176
2021-07-22T00:00:00.000Z,21.78,31.32,26.01,23.23,29.28,3.035,1180
2021-07-23T00:00:00.000Z,23.1,30.91,26.41,24.55,29.88,2.567,1173
2021-07-24T00:00:00.000Z,23.12,32.65,29.47,24.04,31.13,3.482,834
2021-07-25T00:00:00.000Z,21.49,33.61,29.37,24.11,32.11,4.083,1037
2021-07-26T00:00:00.000Z,21.26,34.26,28.18,23.11,33.24,4.749,1178
2021-07-27T00:00:00.000Z,23.35,38.2,31.47,26.06,37.15,5.431,1211
2021-07-28T00:00:00.000Z,23.19,39.81,30.1,25.92,38.64,5.947,1082
2021-07-29T00:00:00.000Z,24.08,38.65,30.1,25.39,37.95,5.447,1164
2021-07-30T00:00:00.000Z,24.47,35.86,30.61,26.82,34.49,3.932,1168
2021-07-31T00:00:00.000Z,23.86,38.09,29.32,26.9,35.58,4.651,1090
2021-08-01T00:00:00.000Z,24.88,37.4,31.64,26.38,36.65,4.661,1156
2021-08-02T00:00:00.000Z,26.08,40.71,32.86,27.89,38.9,5.181,1206
2021-08-03T00:00:00.000Z,24.41,34.36,27.67,26.24,32.47,3.072,1260
2021-08-04T00:00:00.000Z,23.47,37.04,28.33,24.54,34.43,4.76,1261
2021-08-05T00:00:00.000Z,22.31,39.32,29.75,25.08,36.61,5.721,1155
2021-08-06T00:00:00.000Z,23.17,29.79,25.23,24.05,27.99,2.083,1189
2021-08-07T00:00:00.000Z,22.71,32.99,27.27,24.15,32.13,3.771,1181
2021-08-08T00:00:00.000Z,21.34,35.17,32.04,22.33,34.52,5.721,943
2021-08-09T00:00:00.000Z,22.79,37.6,36.6,31.69,37.2,4.648,428
2021-08-10T00:00:00.000Z,24.67,36.72,29.82,27.59,34.72,3.821,920
2021-08-11T00:00:00.000Z,24.21,35.04,31.41,25.44,34.43,4.192,967
2021-08-12T00:00:00.000Z,23.96,34.34,28.42,25.47,32.51,3.414,889
2021-08-13T00:00:00.000Z,22.45,31.32,28.33,23.55,30.45,3.334,803
2021-08-14T00:00:00.000Z,21.94,32.75,29.28,25.43,32.02,3.549,860
2021-08-15T00:00:00.000Z,21.98,35.63,29.81,24.53,34.61,4.843,983
2021-08-16T00:00:00.000Z,22.38,37.24,30.74,25.48,36.36,5.298,954
2021-08-17T00:00:00.000Z,21.68,37.35,31.08,24.49,36.31,5.572,909
2021-08-18T00:00:00.000Z,19.69,30.9,25.51,22.35,28.43,3.294,990
2021-08-19T00:00:00.000Z,20.22,28.13,23.9,21.02,27.32,2.914,1050
2021-08-20T00:00:00.000Z,19.28,31.17,25.17,20.91,30.32,4.291,1076
2021-08-21T00:00:00.000Z,19.48,32.88,26.49,21.84,32.13,4.805,1108
2021-08-22T00:00:00.000Z,22.24,32.6,26,23.22,30.14,3.455,988
2021-08-23T00:00:00.000Z,20.88,33.14,27.15,22.75,32.11,4.375,1037
2021-08-24T00:00:00.000Z,21.13,33.01,26.58,22.71,31.45,4.208,1121
2021-08-25T00:00:00.000Z,20.92,23.21,22.81,22.58,23.08,0.459,85
2021-08-26T00:00:00.000Z,21.85,29.51,27.38,25.13,28.82,2.38,743
2021-08-27T00:00:00.000Z,18.3,31.77,26.25,20.95,30.14,4.576,1081
2021-08-28T00:00:00.000Z,19.1,23.87,21.4,20.07,22.05,1.225,1059
2021-08-29T00:00:00.000Z,18.54,27.75,25.43,22.96,26.78,2.881,961
2021-08-30T00:00:00.000Z,19.42,27.51,22.92,21.2,26.8,2.808,1087
2021-08-31T00:00:00.000Z,17.19,29.15,22.95,19.09,27.86,4.096,1066
2021-09-01T00:00:00.000Z,17.86,28.76,22.38,20.25,26.48,3.47,1090
2021-09-02T00:00:00.000Z,17.5,27.9,21.37,19.32,23.91,2.665,1098
2021-09-03T00:00:00.000Z,17.55,26.1,20.56,19.18,24.7,2.755,1132
2021-09-04T00:00:00.000Z,16.77,27.55,21.83,17.98,26.66,3.902,1070
2021-09-05T00:00:00.000Z,15.95,26.45,19.2,17.97,24.88,3.425,809
2021-09-06T00:00:00.000Z,15.22,24.63,19.77,17.16,23.37,3.117,845
2021-09-07T00:00:00.000Z,13.86,20.37,16.02,14.79,16.32,1.466,199
2021-09-08T00:00:00.000Z,17.67,25.67,23.68,20.14,24.64,2.556,663
2021-09-09T00:00:00.000Z,14.53,27.12,21.96,17.14,25.35,4.131,1135
2021-09-10T00:00:00.000Z,15.85,28.14,21.71,19.1,26.6,4.078,1127
2021-09-11T00:00:00.000Z,17.43,30.01,24.79,19.55,29.17,4.264,1156
2021-09-12T00:00:00.000Z,19.13,30.23,24.39,21.27,29.32,3.92,1275
2021-09-13T00:00:00.000Z,19.36,30.79,23.61,20.77,29.37,4.083,1301
2021-09-14T00:00:00.000Z,19.68,31.14,25.14,21.13,30.1,4.061,1185
2021-09-15T00:00:00.000Z,19.72,30.75,24.86,22.11,29.86,3.903,1223
2021-09-16T00:00:00.000Z,19.53,32.18,24.38,21.02,31.27,4.582,1221
2021-09-17T00:00:00.000Z,20.13,32.5,26.26,21.78,29.1,3.918,1185
2021-09-18T00:00:00.000Z,20.17,29.52,24.47,22.78,27.7,2.772,1240
2021-09-19T00:00:00.000Z,17.27,28.51,23.61,20.5,27.51,3.77,1075
2021-09-20T00:00:00.000Z,12.97,24.38,18.68,17.45,19.39,2.905,1197
2021-09-21T00:00:00.000Z,12.37,20.65,16.45,14.89,19.3,2.443,1138
2021-09-22T00:00:00.000Z,11.78,20.13,16.14,14.83,18.55,2.406,1052
2021-09-23T00:00:00.000Z,12.84,20.42,16.98,14.86,18.6,2.17,1206
2021-09-24T00:00:00.000Z,12.56,24.85,19.76,14.41,22.76,4.051,1141
2021-09-25T00:00:00.000Z,15.1,27.21,23.78,16.32,26.33,4.664,842
2021-09-26T00:00:00.000Z,18.82,28.85,25.1,21.51,27.95,3.379,823
2021-09-27T00:00:00.000Z,15.45,28.29,22.6,19.84,27.28,3.903,1018
2021-09-28T00:00:00.000Z,14.06,19.46,18.2,15.65,18.79,1.748,1088
2021-09-29T00:00:00.000Z,13.52,21.17,16.27,14.31,19.42,2.64,937
2021-09-30T00:00:00.000Z,12.1,20.58,17.01,14.68,19.71,2.708,1158
2021-10-01T00:00:00.000Z,11.01,20.28,14.26,12.47,18.71,3.149,1280
2021-10-02T00:00:00.000Z,10.18,19.85,13.98,11.09,18.8,3.46,1287
2021-10-03T00:00:00.000Z,10.54,22.1,15.52,12.05,20.54,3.961,1274
2021-10-04T00:00:00.000Z,11.26,23.47,15.33,12.94,21.46,4.105,1250
2021-10-05T00:00:00.000Z,10.99,21.43,15,12.45,20.12,3.724,1258
2021-10-06T00:00:00.000Z,9.66,20.38,15.48,11.58,18.92,3.624,1160
2021-10-07T00:00:00.000Z,10.87,14.33,12.32,11.84,13.61,1.006,1239
2021-10-08T00:00:00.000Z,7.43,11.99,10.49,9.19,11.31,1.249,1219
2021-10-09T00:00:00.000Z,6.58,12.79,10.17,7.48,11.97,2.067,1207
2021-10-10T00:00:00.000Z,8.77,16.09,12.69,10.09,14.18,2.288,1213
2021-10-11T00:00:00.000Z,10.16,17.13,13,11.23,15.49,2.106,1219
2021-10-12T00:00:00.000Z,11.57,15.24,14.18,13.02,14.64,0.979,1150
2021-10-13T00:00:00.000Z,11.53,15.11,13.57,12.7,14.34,0.927,1207
2021-10-14T00:00:00.000Z,8.59,12.11,10.36,9.97,10.75,0.696,804
2021-10-15T00:00:00.000Z,8.21,11.29,9.71,8.96,10.66,0.936,1150
2021-10-16T00:00:00.000Z,9.13,11.32,10.35,9.93,10.89,0.542,1254
2021-10-17T00:00:00.000Z,10.46,17.01,14.8,13.52,16.19,1.486,880
2021-10-18T00:00:00.000Z,11.48,18.37,16.13,13.86,17.05,2.029,1028
2021-10-19T00:00:00.000Z,10.72,19.26,14.77,14.17,17.89,2.446,1281
2021-10-20T00:00:00.000Z,9.33,20.84,13.52,10.64,18.04,3.74,1203
2021-10-21T00:00:00.000Z,10.11,23.23,16.29,11.25,20.88,4.273,1224
2021-10-22T00:00:00.000Z,12.26,24.63,19.23,14.58,22.53,3.991,1238
2021-10-23T00:00:00.000Z,15.79,22.94,19.11,17.12,20.68,2.146,1183
2021-10-24T00:00:00.000Z,10.48,18.63,14.48,12.99,16.48,2.09,1212
2021-10-25T00:00:00.000Z,6.8,15.71,9.93,8.08,13.19,2.565,1195
2021-10-26T00:00:00.000Z,4.87,16.25,10.69,7.13,13.98,3.543,1173
2021-10-27T00:00:00.000Z,7.11,20.99,11.77,8.71,17.2,3.989,1219
2021-10-28T00:00:00.000Z,7.77,21.32,10.32,8.94,18.92,4.84,854
2021-10-29T00:00:00.000Z,7.88,20.92,15.3,8.94,18.39,4.501,832
2021-10-30T00:00:00.000Z,8.33,16.43,13.46,9.92,15.37,2.679,1071
2021-10-31T00:00:00.000Z,8.3,17.3,13.26,12.27,15.67,1.966,1258
2021-11-01T00:00:00.000Z,11.49,17.12,13.59,12.11,15.61,1.767,1308
2021-11-02T00:00:00.000Z,11.13,14.71,12.7,11.99,13.42,0.893,1247
2021-11-03T00:00:00.000Z,12.07,20.63,13.56,12.52,18.03,2.788,1305
2021-11-04T00:00:00.000Z,10.52,21.31,16.01,11.78,18.73,3.64,1289
2021-11-05T00:00:00.000Z,12.85,26.4,18.28,15.21,23.61,4.213,1275
2021-11-06T00:00:00.000Z,13.75,19.89,17.57,15.27,18.79,1.898,841
2021-11-08T00:00:00.000Z,11.38,20.77,14.55,11.99,18.18,3.273,960
2021-11-09T00:00:00.000Z,7.1,11.96,9.35,7.93,9.76,1.285,591
2021-11-10T00:00:00.000Z,5.28,13.94,7.83,6.14,9.91,2.068,1260
2021-11-11T00:00:00.000Z,3.84,15.57,8.69,5.18,12.64,3.414,1262
2021-11-12T00:00:00.000Z,4.66,17.44,9.25,6.51,13.8,3.466,1268
2021-11-13T00:00:00.000Z,5.43,13.16,9.94,6.59,11.07,2.424,1251
2021-11-14T00:00:00.000Z,10.06,17.14,11.94,11.21,15.02,2.315,1137
2021-11-15T00:00:00.000Z,6.81,13.83,11.45,10.01,11.96,1.734,1207
2021-11-16T00:00:00.000Z,5.36,10.77,7.79,6.84,8.31,1.055,1236
2021-11-17T00:00:00.000Z,5.36,17.27,8.69,6.76,11.24,2.721,1291
2021-11-18T00:00:00.000Z,7.65,19.02,10.93,9.36,14.12,2.695,1247
2021-11-19T00:00:00.000Z,8.35,14.09,11.49,10.95,12.46,1.324,1253
2021-11-20T00:00:00.000Z,8.81,22.63,11.67,10.6,17.27,3.545,1281
2021-11-21T00:00:00.000Z,6.45,18.95,10.4,7.89,14.75,3.374,1230
2021-11-22T00:00:00.000Z,6.34,18.82,11.67,8.19,14.68,3.224,1205
2021-11-23T00:00:00.000Z,8.69,10.59,9.77,9.33,10.08,0.455,1061
2021-11-24T00:00:00.000Z,4.67,10.57,6.71,5.58,8.34,1.77,1280
2021-11-25T00:00:00.000Z,2.42,16.41,6.69,4.26,11.48,3.739,1259
2021-11-26T00:00:00.000Z,2.97,14.88,9.61,4.19,10.91,3.311,1276
2021-11-27T00:00:00.000Z,6.18,19.59,11.11,8.18,17.13,4.31,1261
2021-11-28T00:00:00.000Z,6.8,20.43,13.77,7.97,17.43,4.467,917
2021-11-29T00:00:00.000Z,5.94,14.09,11.45,9.27,12.37,2.066,1159
2021-11-30T00:00:00.000Z,3.19,8.77,5.78,4.26,6.87,1.552,1197
2021-12-01T00:00:00.000Z,3.18,14.23,7.23,4.13,10.43,3.125,1280
2021-12-02T00:00:00.000Z,5.46,18.84,7.93,6.4,14.26,3.845,1287
2021-12-03T00:00:00.000Z,5.15,18.18,6.21,5.86,10.95,4.129,534
2021-12-04T00:00:00.000Z,0.83,7.34,5.46,2.31,6.95,2.265,1120
2021-12-05T00:00:00.000Z,3.73,7.48,6.27,5.62,6.71,0.839,1239
2021-12-06T00:00:00.000Z,3.29,8.02,6.53,4.61,7.28,1.493,1249
2021-12-07T00:00:00.000Z,5.93,8.11,7.17,6.73,7.67,0.573,1251
2021-12-08T00:00:00.000Z,4.54,8.61,7.32,6.48,7.93,0.953,1145
2021-12-09T00:00:00.000Z,2.74,5.13,3.9,3.46,4.44,0.636,1218
2021-12-10T00:00:00.000Z,4.09,10.4,9.33,5.91,9.77,2.091,1219
2021-12-11T00:00:00.000Z,6.39,11.55,9.1,7.97,11.12,1.569,1129
2021-12-12T00:00:00.000Z,6.36,16.03,11.32,8.56,14.33,3.004,1116
2021-12-13T00:00:00.000Z,5.18,8.71,7.55,6.21,8.06,1.022,1232
2021-12-14T00:00:00.000Z,4.78,8.44,6.76,6.15,7.05,0.842,1219
2021-12-15T00:00:00.000Z,5.63,9.72,7.55,6.79,8.22,1.047,1211
2021-12-16T00:00:00.000Z,4.71,8.71,6.42,5.97,7.02,0.821,1152
2021-12-17T00:00:00.000Z,4.16,8.43,7.05,6.16,7.59,0.982,1208
2021-12-18T00:00:00.000Z,3.7,8.33,5.73,4.86,6.93,1.152,1229
2021-12-19T00:00:00.000Z,1.7,12.3,4.69,4.04,6.93,2.139,1169
2021-12-20T00:00:00.000Z,2.25,7.2,4.41,3.33,5.37,1.27,1193
2021-12-21T00:00:00.000Z,-0.52,2.74,1.42,-0.02,1.98,0.995,1205
2021-12-22T00:00:00.000Z,-2.19,6.72,0.56,-0.53,3.32,2.216,1210
2021-12-23T00:00:00.000Z,-1.68,4.67,1.7,0.34,2.48,1.579,1037
2021-12-24T00:00:00.000Z,1.12,8.67,6.75,1.72,7.77,2.791,1220
2021-12-25T00:00:00.000Z,6.74,15.54,11.33,7.65,12.67,2.698,1102
2021-12-26T00:00:00.000Z,-0.2,10.06,1.28,0.67,2.45,2.221,1121
2021-12-27T00:00:00.000Z,-0.79,5.23,0.44,0.1,1.49,1.781,1196
2021-12-28T00:00:00.000Z,2.43,5.32,3.44,3.04,4.67,0.882,1162
2021-12-29T00:00:00.000Z,0.74,3.14,1.87,1.45,2.27,0.584,1181
2021-12-30T00:00:00.000Z,1.66,5.55,4.46,2.25,5.15,1.417,1130
2021-12-31T00:00:00.000Z,3.81,8.31,6.85,4.54,7.39,1.475,1181
2022-01-01T00:00:00.000Z,5.73,14.58,10.93,7.65,12.57,2.417,1228
2022-01-02T00:00:00.000Z,3.92,16.53,8.05,6.93,11.52,2.761,1060
2022-01-03T00:00:00.000Z,6.95,14.49,11.38,7.82,13.45,2.627,1175
2022-01-04T00:00:00.000Z,5.3,14.52,10.94,9.07,13.02,2.519,509
2022-01-05T00:00:00.000Z,8.49,16.64,10.99,9.26,13.63,2.542,596
2022-01-06T00:00:00.000Z,6.82,21.7,10.07,7.99,16.04,4.58,1212
2022-01-07T00:00:00.000Z,2.34,8.53,4.01,3.63,7.55,2.029,1241
2022-01-08T00:00:00.000Z,1.61,3.96,2.5,2.16,3.06,0.589,824
2022-01-09T00:00:00.000Z,4.76,10.07,8.75,8.09,9.09,0.752,1090
2022-01-10T00:00:00.000Z,0.32,7.94,3.63,2.54,5.28,1.914,1140
2022-01-11T00:00:00.000Z,-1.92,2.98,-0.66,-1.15,0.1,0.989,1239
2022-01-12T00:00:00.000Z,-2.48,3.25,0.31,-1.7,1.71,1.735,1286
2022-01-13T00:00:00.000Z,-0.62,3.86,0.91,0.08,1.69,1.169,1262
2022-01-14T00:00:00.000Z,-1.5,10.27,5.37,1.42,6.73,3.217,1132
2022-01-15T00:00:00.000Z,1.81,16.8,4.92,3.44,9.46,3.64,1246
2022-01-16T00:00:00.000Z,-0.28,12.17,3.32,1.52,6.61,2.993,1237
2022-01-17T00:00:00.000Z,0.89,12.33,6.3,2.36,7.8,3.027,1276
2022-01-18T00:00:00.000Z,1.93,11.68,4.25,3.89,6.37,2.136,1243
2022-01-19T00:00:00.000Z,0.7,13.41,3.19,2.24,6.99,2.93,1281
2022-01-20T00:00:00.000Z,-0.23,12.75,7.55,1.36,8.5,3.75,1228
2022-01-21T00:00:00.000Z,1.05,9.83,5.8,2.75,7.34,2.464,1110
2022-01-22T00:00:00.000Z,-2.34,10.47,3.03,-0.66,5.51,3.482,772
2022-01-23T00:00:00.000Z,-3.39,5.24,3.01,-0.01,4.3,2.707,960
2022-01-24T00:00:00.000Z,-2.71,4.38,-0.13,-1.91,1.76,2.1,1318
2022-01-25T00:00:00.000Z,-2.06,9.91,1.04,0.2,3.95,2.605,1314
2022-01-26T00:00:00.000Z,0.38,6.57,3.15,1.11,5.53,2.033,1307
2022-01-27T00:00:00.000Z,1.75,10.97,3.64,2.76,7.34,2.813,1302
2022-01-28T00:00:00.000Z,1.58,8.42,3.2,2,4.07,1.92,695
2022-01-29T00:00:00.000Z,0.76,13.9,4.09,2.38,8.88,3.408,1299
2022-01-30T00:00:00.000Z,-1.41,12.61,6.25,0.52,10.11,4.67,1274
2022-01-31T00:00:00.000Z,4.28,16.59,6.53,5.35,10.68,3.116,1299
2022-02-01T00:00:00.000Z,2.17,8.32,6.55,4.69,6.98,1.633,1257
2022-02-02T00:00:00.000Z,3.99,8.83,5.71,4.72,7.93,1.614,1297
2022-02-03T00:00:00.000Z,2.04,16.14,6.14,3.73,10.74,4.002,1270
2022-02-04T00:00:00.000Z,1.71,15.03,5.5,2.74,9.5,3.512,1275
2022-02-05T00:00:00.000Z,2.34,16.85,8.4,3.21,13.02,4.337,1313
2022-02-06T00:00:00.000Z,3.87,11.14,5.8,4.42,7.5,1.956,900
2022-02-07T00:00:00.000Z,4.99,12.73,9.18,5.6,9.86,2.495,1288
2022-02-08T00:00:00.000Z,3.48,10.42,6.15,5.49,8.3,1.608,1291
2022-02-09T00:00:00.000Z,4.5,17.39,6.84,5.34,13.38,3.834,1275
2022-02-10T00:00:00.000Z,3.2,18.07,9.36,4.97,14.26,4.292,1255
2022-02-11T00:00:00.000Z,4.68,19.07,10.15,6.44,15.61,4.643,1262
2022-02-12T00:00:00.000Z,3.03,11.63,7.16,5.24,8.75,2.145,1241
2022-02-13T00:00:00.000Z,0.66,10.95,5.4,2.68,8.68,3.085,1248
2022-02-14T00:00:00.000Z,2.29,12.93,7.11,3.41,8.61,3.16,597
2022-02-15T00:00:00.000Z,2.43,17.16,9.25,5.76,13.03,4.13,832
2022-02-16T00:00:00.000Z,4.55,21.61,12.76,9.35,18.32,5.22,811
2022-02-17T00:00:00.000Z,4.76,19.55,12.57,8.86,16.57,4.19,859
2022-02-18T00:00:00.000Z,5.87,18.14,11.39,9.86,13.52,2.796,915
2022-02-19T00:00:00.000Z,4.66,13.5,6.5,5.79,11.33,3.016,323
2022-02-20T00:00:00.000Z,6.87,12,9.93,9.36,10.69,1.15,781
2022-02-21T00:00:00.000Z,4.51,18,10.88,6.67,15.04,4.094,863
2022-02-22T00:00:00.000Z,8.53,15.53,12.66,11.06,14.47,2.104,816
2022-02-23T00:00:00.000Z,6.84,17.01,11.25,10.15,13.37,2.502,830
2022-02-24T00:00:00.000Z,5.53,13.45,9.05,7.2,11.42,2.314,878
2022-02-25T00:00:00.000Z,4.23,14.45,8.22,5.34,12.04,3.422,779
2022-02-26T00:00:00.000Z,4.65,13.12,7.01,6.04,10.07,2.302,919
2022-02-27T00:00:00.000Z,4.04,8.65,6.14,5.38,7.66,1.277,922
2022-02-28T00:00:00.000Z,-0.11,5.15,2.37,1.08,3.39,1.246,944
2022-03-01T00:00:00.000Z,2.31,7.23,5.13,3.78,5.59,1.231,751
2022-03-02T00:00:00.000Z,2.89,11.3,5.89,4.19,9.23,2.604,864
2022-03-03T00:00:00.000Z,3.7,11.01,8.13,6.03,9.67,2.076,764
2022-03-04T00:00:00.000Z,2.6,10.49,6.38,5.37,8.23,1.81,845
2022-03-05T00:00:00.000Z,1.7,8.21,5.42,3.35,6.91,1.961,785
2022-03-06T00:00:00.000Z,-0.35,4.8,3.23,1.63,4.05,1.387,818
2022-03-07T00:00:00.000Z,1.53,7.68,4.88,2.27,6.35,1.993,699
2022-03-08T00:00:00.000Z,0.05,9.55,4.28,2.23,6.88,2.78,897
2022-03-09T00:00:00.000Z,0.44,6.04,2.33,1.65,4.26,1.438,826
2022-03-10T00:00:00.000Z,-3.3,3.04,1.06,0.15,1.85,1.461,987
2022-03-11T00:00:00.000Z,-3.82,6.41,1.03,-0.74,4.38,3.076,1029
2022-03-12T00:00:00.000Z,-0.89,6.91,4.8,0.65,6.03,2.641,680
2022-03-13T00:00:00.000Z,2.31,10.93,6.87,4.45,9.38,2.677,716
2022-03-14T00:00:00.000Z,4.51,12.35,7.48,5.38,10.85,2.737,953
2022-03-15T00:00:00.000Z,3.35,17.76,11.22,6.78,15.68,4.741,860
2022-03-16T00:00:00.000Z,0.88,10.72,6.87,5.6,9.19,2.567,841
2022-03-17T00:00:00.000Z,0.57,7.19,4.62,1.67,6.29,2.231,827
2022-03-18T00:00:00.000Z,-0.88,8.14,4.8,1.4,6.6,2.878,842
2022-03-19T00:00:00.000Z,0.71,5.89,3.56,2.47,4.76,1.295,822
2022-03-20T00:00:00.000Z,0.89,8.96,6.9,4.73,8.08,2.489,938
2022-03-21T00:00:00.000Z,2.42,13.25,11.06,7.51,11.95,3.606,850
2022-03-22T00:00:00.000Z,6.36,14.9,11.18,8.94,13.79,2.612,873
2022-03-23T00:00:00.000Z,5.7,16.72,12.88,8.13,15.61,3.945,907
2022-03-24T00:00:00.000Z,5.88,24.34,16.88,10.38,22.48,6.183,982
2022-03-25T00:00:00.000Z,6.22,21.01,9.27,7.32,18.64,5.239,869
2022-03-26T00:00:00.000Z,4.66,6.87,5.62,5.23,6.06,0.58,187
2022-03-27T00:00:00.000Z,6.99,24.18,20.02,12.84,20.54,4.851,585
2022-03-28T00:00:00.000Z,5.39,20.89,15.68,12.49,18.93,4.77,908
2022-03-29T00:00:00.000Z,10.6,25.21,19.21,14.48,23.54,4.813,867
2022-03-30T00:00:00.000Z,9.25,26.59,19.27,13.15,24.06,5.57,934
2022-03-31T00:00:00.000Z,14.09,25.39,19.8,16.98,24.19,3.699,896
2022-04-01T00:00:00.000Z,14.96,28.55,18.85,16.17,24.39,4.481,935
2022-04-02T00:00:00.000Z,11.01,22.26,15.87,13.76,21.03,3.696,856
2022-04-03T00:00:00.000Z,6.06,17.82,11.83,8.52,14.94,3.542,910
2022-04-04T00:00:00.000Z,5.32,15.18,11.9,7.95,14,3.22,822
2022-04-05T00:00:00.000Z,4.92,19.91,15.34,10.94,18.42,4.811,810
2022-04-06T00:00:00.000Z,8.69,24.09,18.82,12.38,22.65,5.203,939
2022-04-07T00:00:00.000Z,9.23,24,13.61,12.09,16.23,4.014,940
2022-04-08T00:00:00.000Z,10.67,25.28,19.82,15.36,23.37,4.847,898
2022-04-09T00:00:00.000Z,13.58,27.71,22.91,18.12,26.08,4.413,765
2022-04-10T00:00:00.000Z,6.33,17.21,10.14,7.85,12.07,2.705,869
2022-04-11T00:00:00.000Z,6.83,14.92,12.28,9.03,13.96,2.593,959
2022-04-12T00:00:00.000Z,6.74,17.93,14.93,10.28,16.23,3.334,918
2022-04-13T00:00:00.000Z,8.83,18.86,15.92,12.17,17.77,3.138,924
2022-04-14T00:00:00.000Z,9.83,23.41,17.88,14.16,22.59,4.433,910
2022-04-15T00:00:00.000Z,11.36,26.58,20,15.31,24.94,4.97,971
2022-04-16T00:00:00.000Z,9.47,24.78,19.93,13.47,23.62,4.946,984
2022-04-17T00:00:00.000Z,2.91,9.42,5.96,4.42,7.32,1.678,909
2022-04-18T00:00:00.000Z,6.32,13.33,10.45,8.11,12.11,2.112,825
2022-04-19T00:00:00.000Z,6.77,12.79,8.98,8.46,10.33,1.276,858
2022-04-20T00:00:00.000Z,5.76,17.92,13.06,8.96,16.26,3.865,804
2022-04-21T00:00:00.000Z,6.93,19.23,13.98,10.23,17.88,4.218,862
2022-04-22T00:00:00.000Z,10.65,19.89,14.71,12.42,18.45,3.096,920
2022-04-23T00:00:00.000Z,10.79,23.39,19.17,15.68,22.16,4.051,900
2022-04-24T00:00:00.000Z,12.67,27.77,21.16,16.94,25.79,4.885,908
2022-04-25T00:00:00.000Z,14.45,28.66,22.55,18.38,27.05,4.571,880
2022-04-26T00:00:00.000Z,14.64,27.47,22.17,18.28,26.33,4.184,906
2022-04-27T00:00:00.000Z,13.39,26.86,19.72,16.39,24.35,4.235,967
2022-04-28T00:00:00.000Z,13.19,19.77,17.6,14.8,18.42,1.928,771
2022-04-29T00:00:00.000Z,11.02,18,15.6,14.38,17.11,1.741,869
2022-04-30T00:00:00.000Z,10.77,20.07,16.97,14.56,18.52,2.66,845
2022-05-01T00:00:00.000Z,11.22,23.66,18.66,14.32,22.34,4.096,922
2022-05-02T00:00:00.000Z,11.29,22.47,17.73,14.22,21.04,3.632,800
2022-05-03T00:00:00.000Z,12.67,22.26,16.26,14.39,20.38,3.075,729
2022-05-04T00:00:00.000Z,12.14,24.36,19.04,15.67,22.76,3.809,851
2022-05-05T00:00:00.000Z,14.27,24.02,19.28,16.13,22.54,3.228,913
2022-05-06T00:00:00.000Z,11.77,24.41,19.12,14.47,23.43,4.345,944
2022-05-07T00:00:00.000Z,10.19,24.11,17.84,13.5,22.9,4.566,983
2022-05-08T00:00:00.000Z,11.09,24.59,18.69,14.72,22.41,4.27,912
2022-05-09T00:00:00.000Z,11.01,26.14,20.16,14.8,24.68,5.024,883
2022-05-10T00:00:00.000Z,15.59,23.34,18.11,17.11,20.82,2.207,844
2022-05-11T00:00:00.000Z,14.68,28.15,23.15,19.27,26.68,4.265,888
2022-05-12T00:00:00.000Z,15.68,31.53,24.27,20.38,28.91,4.972,894
2022-05-13T00:00:00.000Z,19.21,33.79,26.47,22.91,30.94,4.503,778
2022-05-14T00:00:00.000Z,19.87,32.39,24.85,22.02,30.91,4.195,882
2022-05-15T00:00:00.000Z,18.47,28.54,22.97,20.27,26.29,3.141,855
2022-05-16T00:00:00.000Z,20.5,29.14,24.41,22.25,27.64,2.725,860
2022-05-17T00:00:00.000Z,19.69,32.74,25.41,21.59,31.17,4.521,886
2022-05-18T00:00:00.000Z,10.27,20.72,15.49,13.5,18.12,2.969,883
2022-05-19T00:00:00.000Z,12.36,24.29,20.65,17.48,23.53,3.842,894
2022-05-20T00:00:00.000Z,14.81,29.12,22.23,18.47,27.95,4.777,807
2022-05-21T00:00:00.000Z,17.09,31.5,26.38,22.47,30.5,4.808,863
2022-05-22T00:00:00.000Z,18.95,30.04,23.74,21.75,28.52,3.436,826
2022-05-23T00:00:00.000Z,17.19,26.33,21.56,18.77,24.21,2.849,876
2022-05-24T00:00:00.000Z,15.86,26.51,20.92,18.09,24.2,3.338,858
2022-05-25T00:00:00.000Z,14.02,30.02,23.93,18.64,28.75,5.397,959
2022-05-26T00:00:00.000Z,19.43,32.69,26.36,22.66,31.32,4.226,866
2022-05-27T00:00:00.000Z,20.07,31.19,26.23,23.1,29.8,3.595,978
2022-05-28T00:00:00.000Z,18.47,32.31,23.87,20.85,30.65,4.688,913
2022-05-29T00:00:00.000Z,17.78,22.71,19.92,18.91,21.18,1.372,766
2022-05-30T00:00:00.000Z,17.64,28.52,24.39,21.33,27.16,3.275,786
2022-05-31T00:00:00.000Z,21.28,33.13,23.58,22.21,30.88,4.221,889
2022-06-01T00:00:00.000Z,20.71,32.81,27.02,23.66,31.28,3.973,882
2022-06-02T00:00:00.000Z,21.7,23.79,22.51,22.09,22.91,0.547,127
2022-06-03T00:00:00.000Z,22.23,30.54,26.69,24.07,29.14,2.643,795
2022-06-04T00:00:00.000Z,21.41,32.54,30.52,23.44,31.96,4.189,604
2022-06-07T00:00:00.000Z,19.84,29.02,25.36,22.45,27.14,2.529,789
2022-06-08T00:00:00.000Z,20.32,29.29,25.46,22.5,28.27,2.945,811
2022-06-09T00:00:00.000Z,19.53,30.13,23.85,21.49,26.57,2.907,829
2022-06-10T00:00:00.000Z,18.44,26.83,22.58,21.14,25.49,2.615,845
2022-06-11T00:00:00.000Z,20.13,24.15,22.49,21.19,22.8,1.018,753
2022-06-12T00:00:00.000Z,21.96,29.03,25.79,24.05,26.7,1.779,847
2022-06-13T00:00:00.000Z,22.98,33.1,26.71,24.17,29.2,3.027,829
2022-06-14T00:00:00.000Z,18.43,32.86,23.86,22.05,29.26,4.3,836
2022-06-15T00:00:00.000Z,18.46,27.97,23.72,20.79,26.77,3.002,881
2022-06-16T00:00:00.000Z,20.05,32.64,27.74,24.41,30.51,3.732,755
2022-06-17T00:00:00.000Z,20.78,32.71,23.69,22.74,25.43,3.615,670
2022-06-18T00:00:00.000Z,19.41,28.53,24.93,21.67,27.19,2.915,853
2022-06-19T00:00:00.000Z,20.1,31.77,28.34,23.87,30.81,3.773,849
2022-06-20T00:00:00.000Z,19.55,34.15,28.19,23.6,31.72,4.385,910
2022-06-21T00:00:00.000Z,22.11,36.94,29.81,25.5,33.4,4.744,962
2022-06-22T00:00:00.000Z,20.88,32.14,26.25,22.57,30.09,3.609,912
2022-06-23T00:00:00.000Z,19.91,30.76,27.37,22.67,29.46,3.632,884
2022-06-24T00:00:00.000Z,20.57,32.34,28.73,24.34,31.1,3.727,876
2022-06-25T00:00:00.000Z,23.03,35.03,29.3,25.62,32.03,3.48,858
2022-06-26T00:00:00.000Z,22.29,32.78,25.55,23.34,28.15,2.894,730
2022-06-27T00:00:00.000Z,22.03,32.54,27.72,25.76,29.75,2.895,829
2022-06-28T00:00:00.000Z,23.86,31.61,27.65,25.67,29.52,2.237,823
2022-06-29T00:00:00.000Z,21.41,36.56,28.8,24.94,35.03,4.961,962
2022-06-30T00:00:00.000Z,23.22,36.9,29.24,26.45,35.61,4.581,827
2022-07-01T00:00:00.000Z,22.53,36.64,30.89,26.59,34.79,4.613,899
2022-07-02T00:00:00.000Z,24.36,36.99,31.74,27.79,35.51,4.106,938
2022-07-03T00:00:00.000Z,24.28,34.64,29.62,26.65,33.03,3.37,949
2022-07-04T00:00:00.000Z,23.77,37.53,30.77,27.96,36.03,4.317,864
2022-07-05T00:00:00.000Z,24.64,37.86,32.06,28.08,36.03,4.286,914
2022-07-06T00:00:00.000Z,23.89,36.79,28.66,26.22,33.22,3.856,812
2022-07-07T00:00:00.000Z,19.66,25.62,22.36,21.18,24.87,1.826,550
2022-07-08T00:00:00.000Z,21.49,31.02,27.49,24.32,29.71,2.88,812
2022-07-09T00:00:00.000Z,20.85,30.74,26.61,23.54,28.68,2.978,879
2022-07-10T00:00:00.000Z,20.7,31.57,24.99,24.15,27.83,2.661,854
2022-07-11T00:00:00.000Z,19.53,29.76,25.11,22.24,27.1,3.02,840
2022-07-12T00:00:00.000Z,20.36,29.83,25.82,21.89,28.77,3.312,914
2022-07-13T00:00:00.000Z,19.53,30.54,26.35,23.49,29.43,3.512,946
2022-07-14T00:00:00.000Z,21.1,35.72,28.34,24.35,33.67,4.669,969
2022-07-15T00:00:00.000Z,22.36,37.61,31.12,25.86,36.07,5.044,952
2022-07-16T00:00:00.000Z,23.71,35.89,27.63,25.37,30.52,3.711,949
2022-07-17T00:00:00.000Z,20.73,35.29,28.57,24.29,32.95,4.433,901
2022-07-18T00:00:00.000Z,19.64,30.14,24.58,21.87,28.71,3.406,912
2022-07-19T00:00:00.000Z,19.82,33.22,27.81,24.01,31.62,4.223,966
2022-07-20T00:00:00.000Z,20.82,34.99,29.34,25.84,33.89,4.594,956
2022-07-21T00:00:00.000Z,23.92,35.99,30.93,26.32,34.13,3.779,986
2022-07-22T00:00:00.000Z,22.2,36.26,30.94,26.77,34.86,4.597,931
2022-07-23T00:00:00.000Z,23.73,38.61,31.22,26.84,37.38,4.993,983
2022-07-24T00:00:00.000Z,24.44,40.64,32.81,26.16,38.9,5.949,990
2022-07-25T00:00:00.000Z,24.22,34.11,30.22,26.52,32.96,3.226,847
2022-07-26T00:00:00.000Z,25.19,38.07,31.94,28.74,36.72,4.22,944
2022-07-27T00:00:00.000Z,23.91,40.29,29.6,27.51,38.06,5.298,936
2022-07-28T00:00:00.000Z,22.79,30.31,25.7,24.47,29.13,2.388,888
2022-07-29T00:00:00.000Z,23.78,35.79,30.05,25.75,34.14,4.167,868
2022-07-30T00:00:00.000Z,22.97,37.15,30.84,27.69,34.32,4.256,841
2022-07-31T00:00:00.000Z,22.89,32.49,25.39,24.44,29.24,3.097,775
2022-08-01T00:00:00.000Z,22.22,31.32,27.99,24.58,29.08,2.744,850
2022-08-02T00:00:00.000Z,22.49,32.42,29.11,25.91,30.97,2.979,793
2022-08-03T00:00:00.000Z,23.32,33.57,28.68,25.74,32.31,3.364,889
2022-08-04T00:00:00.000Z,23.6,33.59,29.9,26.93,32.44,3.061,858
2022-08-05T00:00:00.000Z,25.27,35.11,31.81,28.52,34.17,3.25,873
2022-08-06T00:00:00.000Z,25.84,34.34,31.18,27.32,33.21,2.87,828
2022-08-07T00:00:00.000Z,25.1,34.27,29.97,26.78,32.89,2.948,929
2022-08-08T00:00:00.000Z,24.14,34.29,29.13,26.42,32.59,3.337,927
2022-08-09T00:00:00.000Z,23.48,36.11,29.32,24.97,33.56,4.216,1007
2022-08-10T00:00:00.000Z,21.63,30.32,24.75,22.84,26.88,2.426,937
2022-08-11T00:00:00.000Z,22.61,31.47,26.73,24.2,30.19,2.962,909
2022-08-12T00:00:00.000Z,22.47,33.83,28.1,25.15,32.54,3.824,958
2022-08-13T00:00:00.000Z,23.46,34.2,30.13,26.91,32.61,3.34,823
2022-08-14T00:00:00.000Z,21.92,30.12,26.11,24.13,27.34,2.118,797
2022-08-15T00:00:00.000Z,22.51,31.73,26.21,23.77,29.57,2.927,733
2022-08-16T00:00:00.000Z,22.48,35.2,28.82,25.6,32.65,4.064,948
2022-08-17T00:00:00.000Z,23.59,35.85,29.7,25.49,32.36,3.953,842
2022-08-18T00:00:00.000Z,25.26,34.01,29.99,26.94,32.79,2.834,800
2022-08-19T00:00:00.000Z,25.23,35.61,31.4,28.09,34.46,3.363,872
2022-08-20T00:00:00.000Z,24.87,36.33,31.38,27.23,34.72,3.711,907
2022-08-21T00:00:00.000Z,24.07,35.29,28.64,26.33,33.57,3.62,839
2022-08-22T00:00:00.000Z,24.34,33.36,28,25.46,31.63,3.106,867
2022-08-23T00:00:00.000Z,21.81,33.29,25.78,23.52,31.61,3.922,916
2022-08-24T00:00:00.000Z,21.73,32.29,27.85,25.18,30.65,3.174,940
2022-08-25T00:00:00.000Z,23.31,33.11,28.95,26.19,31.55,3.114,869
2022-08-26T00:00:00.000Z,24.44,34.03,29.42,26.34,32.36,3.148,844
2022-08-27T00:00:00.000Z,24.92,35.53,30.68,27.12,34.18,3.487,925
2022-08-28T00:00:00.000Z,23.87,37.78,30.02,27.07,36,4.594,937
2022-08-29T00:00:00.000Z,24.42,37.67,30.38,26.79,36.18,4.47,898
2022-08-30T00:00:00.000Z,23.19,36.47,27.73,25.41,33.35,4.143,917
2022-08-31T00:00:00.000Z,20.17,31.3,25.42,24.4,29.84,3.013,947
2022-09-01T00:00:00.000Z,19.64,28.17,23.96,22.56,26.69,2.513,922
2022-09-02T00:00:00.000Z,14.4,25.52,20.49,17.51,23.13,3.254,911
2022-09-03T00:00:00.000Z,14.32,19.09,16.11,15.31,17.93,1.463,730
2022-09-04T00:00:00.000Z,17.32,22.9,19.66,18.44,21.68,1.718,750
2022-09-05T00:00:00.000Z,17.11,26.49,23.08,20.87,25.52,3.015,857
2022-09-06T00:00:00.000Z,18.55,27.05,22.37,20.22,25.93,2.772,891
2022-09-07T00:00:00.000Z,16.77,29,23.81,20.95,27.9,3.812,815
2022-09-08T00:00:00.000Z,18.55,31.24,24.28,21.7,29.12,4.022,870
2022-09-09T00:00:00.000Z,19.37,33.61,26.91,23.69,30.46,4.335,844
2022-09-10T00:00:00.000Z,22.28,32.99,26.86,24.14,31.55,3.733,799
2022-09-11T00:00:00.000Z,21.09,30.3,24.53,22.84,29.05,3.056,831
2022-09-12T00:00:00.000Z,17.54,29.2,23.59,20.13,26.66,3.431,820
2022-09-13T00:00:00.000Z,15.75,26.21,21.74,19.11,24.95,3.211,861
2022-09-14T00:00:00.000Z,15.96,29.13,23.41,18.8,27.28,4.26,857
2022-09-15T00:00:00.000Z,20.05,34.49,29.5,25.27,32.47,4.555,834
2022-09-16T00:00:00.000Z,22.76,32.95,28.24,25.56,31.11,3.015,850
2022-09-17T00:00:00.000Z,21.42,29.23,25.68,23.14,27.81,2.382,760
2022-09-18T00:00:00.000Z,14.56,23.64,19.91,17.25,21.67,2.559,831
2022-09-19T00:00:00.000Z,12.63,25.52,19.13,14.86,23.93,4.317,760
2022-09-20T00:00:00.000Z,16.23,17.48,16.79,16.62,17.14,0.32,111
2022-09-21T00:00:00.000Z,14.77,23.4,20.05,17.98,20.96,2.296,575
2022-09-22T00:00:00.000Z,12.42,23.16,18.35,15.15,21.09,3.25,897
2022-09-23T00:00:00.000Z,14.32,21.79,16.12,15.27,20.19,2.515,833
2022-09-24T00:00:00.000Z,11.82,23.13,17.09,13.67,21.9,3.831,882
2022-09-25T00:00:00.000Z,11.39,26.7,19.19,16.8,24.31,4.959,802
2022-09-26T00:00:00.000Z,16.98,28.91,23.77,21.92,27.33,3.713,776
2022-09-27T00:00:00.000Z,16.8,25.16,21.51,20.37,23.25,2.059,667
2022-09-28T00:00:00.000Z,15.15,26.91,21.96,19.11,25.33,3.691,776
2022-09-29T00:00:00.000Z,18.18,29.56,23.25,20.26,27.35,3.689,871
2022-09-30T00:00:00.000Z,17.64,31.03,24.6,21.14,29.15,4.237,854
2022-10-01T00:00:00.000Z,18.3,31.73,26.08,21.41,29.34,4.316,843
2022-10-02T00:00:00.000Z,16.01,26.14,21.13,19.38,24.4,2.666,886
2022-10-03T00:00:00.000Z,13.67,23.7,16.44,15.29,18.76,2.729,842
2022-10-04T00:00:00.000Z,11.38,21.54,16.05,14.07,20.2,3.196,896
2022-10-05T00:00:00.000Z,11.35,22.9,17.34,13.84,21.29,3.732,865
2022-10-06T00:00:00.000Z,13.2,24.68,19.45,15.75,23.55,3.884,802
2022-10-07T00:00:00.000Z,13.83,22.49,19.05,16.86,21.85,2.917,774
2022-10-08T00:00:00.000Z,15.8,25.44,19.73,17.38,23.74,3.115,869
2022-10-09T00:00:00.000Z,13.77,26.28,20.11,17.13,24.36,3.933,862
2022-10-10T00:00:00.000Z,14.65,20.56,16.7,15.54,18.55,1.742,776
2022-10-11T00:00:00.000Z,10.51,22.55,18.3,13.58,20.86,3.809,937
2022-10-12T00:00:00.000Z,13.78,23.42,17.37,15.98,20.57,2.67,830
2022-10-13T00:00:00.000Z,12.34,23.02,16.98,14.29,21.25,3.57,818
2022-10-14T00:00:00.000Z,12.05,19.45,16.05,13.98,17.54,2.054,880
2022-10-15T00:00:00.000Z,10.19,18.98,15.08,12.07,18.1,2.848,839
2022-10-16T00:00:00.000Z,9.07,19.96,13.57,11.29,18.07,3.501,900
2022-10-17T00:00:00.000Z,9.83,21.59,14.52,11.12,19.54,3.936,816
2022-10-18T00:00:00.000Z,8.21,23.59,17,10.5,21.4,5.083,699
2022-10-21T00:00:00.000Z,8.81,18.62,12.87,10.42,16.22,3.127,803
2022-10-22T00:00:00.000Z,8.94,21.22,16.63,12.74,18.97,3.755,876
2022-10-23T00:00:00.000Z,13.48,29.58,19.46,16.27,25.64,4.543,856
2022-10-24T00:00:00.000Z,13.1,26.72,18.7,15.59,23.73,4.327,850
2022-10-25T00:00:00.000Z,13.97,28.27,21.44,18.29,26.06,4.342,806
2022-10-26T00:00:00.000Z,16.89,25.99,20.3,18.48,24.29,2.871,655
2022-10-27T00:00:00.000Z,13.52,26.63,17.86,15.27,22.84,3.592,880
2022-10-28T00:00:00.000Z,11.41,24.55,16.14,13.4,21.53,4.008,855
2022-10-29T00:00:00.000Z,11.7,25.64,18.19,14.9,22.88,4.392,817
2022-10-30T00:00:00.000Z,13,25.64,19.89,17.87,23.42,3.795,830
2022-10-31T00:00:00.000Z,14.58,25.43,18.55,16.36,22.37,3.36,906
2022-11-01T00:00:00.000Z,11.98,25.27,17.95,15.03,22.58,4.202,812
2022-11-02T00:00:00.000Z,12.95,27.27,18.92,16.19,24.71,4.534,854
2022-11-03T00:00:00.000Z,12.44,22.99,17.25,15.86,20.72,2.67,825
2022-11-04T00:00:00.000Z,10.48,22.21,16.12,12.87,20.1,3.712,771
2022-11-05T00:00:00.000Z,11.75,21.87,16.2,12.84,17.73,2.977,944
2022-11-06T00:00:00.000Z,15.3,20.09,16.71,16.19,18.11,1.298,640
2022-11-07T00:00:00.000Z,12.32,18.93,15.71,14.51,17.94,1.928,716
2022-11-08T00:00:00.000Z,12.64,22,15.77,14.08,19.2,2.807,670
2022-11-09T00:00:00.000Z,9.43,19.25,13.31,11.45,16.63,2.928,848
2022-11-10T00:00:00.000Z,8.72,20.17,14.57,11,18.11,3.722,720
2022-11-11T00:00:00.000Z,10.93,15.13,12.38,11.71,13.63,1.21,677
2022-11-12T00:00:00.000Z,10,18.28,13.74,11.82,16.38,2.444,582
2022-11-13T00:00:00.000Z,7.7,20.14,13.02,9.46,16.43,3.444,774
2022-11-14T00:00:00.000Z,6.37,13.36,11.07,7.56,12.06,2.358,635
2022-11-15T00:00:00.000Z,11.3,11.94,11.62,11.47,11.77,0.163,265
2022-11-16T00:00:00.000Z,9.69,13.14,11.24,10.22,12.21,1.022,669
2022-11-17T00:00:00.000Z,8.92,16.5,13.22,11.95,14.75,1.838,688
2022-11-18T00:00:00.000Z,7.27,15.95,11.9,8.83,13.02,2.453,878
2022-11-19T00:00:00.000Z,6.65,21.32,12.29,11,17.26,3.475,820
2022-11-20T00:00:00.000Z,5.24,13.08,11.02,7.15,12.1,2.625,801
2022-11-21T00:00:00.000Z,5.49,11.8,9.09,6.97,10.76,1.932,838
2022-11-22T00:00:00.000Z,7.84,12.45,9.61,9.11,10.65,1.182,763
2022-11-23T00:00:00.000Z,7.44,15.17,12.43,9.52,14.4,2.531,703
2022-11-24T00:00:00.000Z,7.84,13.4,11.39,9.44,12.07,1.556,791
2022-11-25T00:00:00.000Z,6.11,11.68,8.86,8.27,10.21,1.429,736
2022-11-26T00:00:00.000Z,4.69,13.11,8.14,5.95,8.96,1.874,702
2022-11-27T00:00:00.000Z,8.17,11.96,9.84,9.13,10.73,1.014,546
2022-11-28T00:00:00.000Z,2.95,8.28,6,4.75,6.8,1.281,786
2022-11-29T00:00:00.000Z,2.8,5.49,3.86,3.47,4.45,0.675,758
2022-11-30T00:00:00.000Z,2.59,5.81,3.98,3.42,4.57,0.805,895
2022-12-01T00:00:00.000Z,0.76,2.88,1.86,1.49,2.12,0.486,590
2022-12-02T00:00:00.000Z,1.55,7.63,5.98,3.04,7,1.96,712
2022-12-03T00:00:00.000Z,3.17,6.78,6.19,4.69,6.44,1.166,630
2022-12-04T00:00:00.000Z,4.05,5.48,4.75,4.46,4.98,0.315,731
2022-12-05T00:00:00.000Z,2.82,6.47,5.46,3.54,5.94,1.232,731
2022-12-06T00:00:00.000Z,5.85,9.73,8.27,7.16,8.91,1.018,788
2022-12-07T00:00:00.000Z,7.66,9.81,8.81,8.4,9.03,0.441,626
2022-12-08T00:00:00.000Z,7.65,10.76,9.32,8.96,9.82,0.696,716
2022-12-09T00:00:00.000Z,7.31,12.18,9.13,8.27,9.81,1.161,725
2022-12-10T00:00:00.000Z,7.67,16.75,12.23,9.63,14.67,2.636,886
2022-12-11T00:00:00.000Z,5.57,24.46,12.94,9.88,17.73,5.003,870
2022-12-12T00:00:00.000Z,4.3,11.61,7.46,5,8.97,2.173,655
2022-12-13T00:00:00.000Z,2.06,10.55,3.97,3.04,5.78,1.83,757
2022-12-14T00:00:00.000Z,1.34,6.22,3.73,2.33,4.59,1.347,764
2022-12-15T00:00:00.000Z,5.87,9.78,7.56,6.77,8.9,1.16,680
2022-12-16T00:00:00.000Z,2.73,10.56,7.72,4.05,8.97,2.504,805
2022-12-17T00:00:00.000Z,7.56,17.41,10.68,8.52,13.34,3.12,799
2022-12-18T00:00:00.000Z,3.57,8.13,5.09,4.74,7.1,1.308,696
2022-12-19T00:00:00.000Z,-0.06,3.62,1.17,0.81,1.69,0.654,779
2022-12-20T00:00:00.000Z,-0.2,9.47,3.11,0.97,5.08,2.652,572
2022-12-21T00:00:00.000Z,-0.23,2,0.99,0.17,1.56,0.719,616
2022-12-22T00:00:00.000Z,-0.33,3.07,2,0.19,2.4,1.127,584
2022-12-23T00:00:00.000Z,1.94,10.26,5.66,3.49,8.02,2.57,678
2022-12-24T00:00:00.000Z,3.91,14.24,8.66,6.91,9.88,2.548,632
2022-12-25T00:00:00.000Z,3.98,21.75,10.56,6.35,15.6,4.751,787
2022-12-26T00:00:00.000Z,3.46,16.43,9.28,6,11.96,3.442,690
2022-12-27T00:00:00.000Z,4.04,15.13,11.69,7.79,12.94,3.36,766
2022-12-28T00:00:00.000Z,3.39,11.4,7.42,6.22,9.9,2.273,674
2022-12-29T00:00:00.000Z,1.73,16.01,8.16,6.26,10.78,3.867,606
2022-12-30T00:00:00.000Z,3.82,16.13,10.26,5.9,12.62,3.509,714
2022-12-31T00:00:00.000Z,5.9,17.8,10.45,8.1,14.23,3.281,795
2023-01-01T00:00:00.000Z,7.29,18.64,11.64,8.58,15.45,3.292,698
2023-01-02T00:00:00.000Z,8.63,21.55,12.67,9.86,17.03,3.635,734
2023-01-03T00:00:00.000Z,7.4,19.43,10.96,8.96,15.21,3.347,748
2023-01-04T00:00:00.000Z,5.87,11.64,9.68,8.38,10.37,1.403,602
2023-01-05T00:00:00.000Z,3.8,11.7,9.32,5.87,10.39,2.504,776
2023-01-06T00:00:00.000Z,5.17,22.14,9.8,8.34,15.86,4.239,808
2023-01-07T00:00:00.000Z,3.42,16.57,9.15,5.15,12.91,3.815,695
2023-01-08T00:00:00.000Z,3.94,9.16,5.8,4.48,7.8,1.645,714
2023-01-09T00:00:00.000Z,2.56,10,5.86,4.07,8.08,2.228,790
2023-01-10T00:00:00.000Z,4.88,12.75,10.23,5.77,10.98,2.6,776
2023-01-11T00:00:00.000Z,-1.08,10.69,2.14,-0.02,9.68,4.587,862
2023-01-12T00:00:00.000Z,0.06,4.99,3.86,3.37,4.34,1.234,771
2023-01-13T00:00:00.000Z,5.01,8.81,7.8,6.54,8.41,1.136,519
2023-01-14T00:00:00.000Z,7.27,8.72,8.02,7.85,8.25,0.28,545
2023-01-15T00:00:00.000Z,6.92,11.06,8.6,8.11,9.77,1.107,617
2023-01-16T00:00:00.000Z,4.74,12.26,8.56,7.41,10.88,2.141,729
2023-01-17T00:00:00.000Z,6.67,17.75,11.1,7.78,14.3,3.421,794
2023-01-18T00:00:00.000Z,8.69,22.44,15.98,10.73,19.55,4.07,795
2023-01-19T00:00:00.000Z,9.83,22.06,15.33,12.34,19.79,3.648,871
2023-01-20T00:00:00.000Z,4.66,18.14,13.23,11.14,15.66,3.644,863
2023-01-21T00:00:00.000Z,3.77,12.72,11,7.84,12.1,3.121,736
2023-01-22T00:00:00.000Z,6.1,14.29,11.33,9.56,12.32,1.978,817
2023-01-23T00:00:00.000Z,2.27,6.05,2.9,2.71,3.24,0.727,770
2023-01-24T00:00:00.000Z,1.85,4.97,3.53,3.02,3.84,0.643,805
2023-01-25T00:00:00.000Z,1.52,4.15,2.56,2.02,3.52,0.788,783
2023-01-26T00:00:00.000Z,0.61,3.59,1.77,1.34,2.27,0.728,815
2023-01-27T00:00:00.000Z,-1.49,1.44,-0.86,-1.2,0.52,0.905,822
2023-01-28T00:00:00.000Z,1.03,5.9,4.41,3.85,4.9,1.279,619
2023-01-29T00:00:00.000Z,3.23,6.11,4.38,4.03,5.01,0.688,667
2023-01-30T00:00:00.000Z,1.49,13.17,3.57,2.65,6.9,2.857,708
2023-01-31T00:00:00.000Z,2.57,7.68,5.05,4.17,6.68,1.426,662
2023-02-01T00:00:00.000Z,1.89,12.84,6.38,4.12,8.59,2.899,745
2023-02-02T00:00:00.000Z,2.94,10.47,6.01,4.38,8.43,2.118,662
2023-02-03T00:00:00.000Z,3.16,10.63,6.15,4.32,9.24,2.434,770
2023-02-04T00:00:00.000Z,-1.6,8.78,4.13,1.2,6.3,3.108,823
2023-02-05T00:00:00.000Z,-2.71,2.4,0.46,-1.4,1.33,1.532,832
2023-02-06T00:00:00.000Z,0.09,3.79,1.33,0.88,1.73,0.833,863
2023-02-07T00:00:00.000Z,-2.31,7.74,3.1,0.98,4.94,2.411,905
2023-02-08T00:00:00.000Z,-3.28,2.58,-0.25,-1.4,0.62,1.333,882
2023-02-09T00:00:00.000Z,-2.47,3.1,0.32,-1.73,1.72,1.716,857
2023-02-10T00:00:00.000Z,-3.16,10.38,4.76,-2.06,5.78,4.09,474
2023-02-11T00:00:00.000Z,-2.73,11.63,3.25,2.42,6.03,3.376,692
2023-02-12T00:00:00.000Z,1.75,10.02,5.46,2.74,8.25,2.755,749
2023-02-13T00:00:00.000Z,1.02,13.42,9.74,2.47,10.78,4.035,612
2023-02-14T00:00:00.000Z,3.53,7.59,5.52,4.65,6.54,1.178,204
2023-02-15T00:00:00.000Z,1.82,17.19,8.36,3.93,12.36,4.434,790
2023-02-16T00:00:00.000Z,1.75,16.55,9.55,6.78,12.68,4.207,762
2023-02-17T00:00:00.000Z,3.36,16.02,8.92,6.26,13.46,3.78,864
2023-02-18T00:00:00.000Z,6.87,17.1,12.53,10.29,14.62,2.923,805
2023-02-19T00:00:00.000Z,9.6,19.84,15.18,11.64,17.93,3.351,810
2023-02-20T00:00:00.000Z,5.14,12.1,9.13,7.57,11.01,1.967,853
2023-02-21T00:00:00.000Z,7.02,21.05,15.26,9.49,19.07,4.631,929
2023-02-22T00:00:00.000Z,7.77,15.63,10.73,9.35,14.23,2.54,827
2023-02-23T00:00:00.000Z,6.24,9.36,7.66,7.1,8.32,0.758,762
2023-02-24T00:00:00.000Z,6.71,12.65,9.88,8.11,11.7,1.942,733
2023-02-25T00:00:00.000Z,5.47,15.88,12.65,10.64,13.83,2.981,800
2023-02-26T00:00:00.000Z,5.01,21.85,13.14,11.22,19.13,4.989,904
2023-02-27T00:00:00.000Z,3.4,12.82,7.5,5.46,9.57,2.302,904
2023-02-28T00:00:00.000Z,2.93,6.5,4.53,3.75,5.85,1.11,779
2023-03-01T00:00:00.000Z,5.86,10.06,7.93,6.52,8.69,1.203,755
2023-03-02T00:00:00.000Z,2.29,8.66,7.19,4.7,7.77,1.821,800
2023-03-03T00:00:00.000Z,6.79,14.42,9.21,7.66,11.98,2.416,725
2023-03-04T00:00:00.000Z,7.62,14.56,10.35,8.97,12.63,2.009,761
2023-03-05T00:00:00.000Z,5.16,14.51,10.11,7.08,12.48,2.957,830
2023-03-06T00:00:00.000Z,3.3,14.19,8.71,7.07,12.15,3.243,867
2023-03-07T00:00:00.000Z,5.95,20.9,14.4,11.57,18.48,4.654,838
2023-03-08T00:00:00.000Z,8.09,21.05,15.82,11.54,19.09,3.951,819
2023-03-09T00:00:00.000Z,10.11,23.14,18.03,13.12,20.96,4.11,825
2023-03-10T00:00:00.000Z,11.32,22.61,16.19,13.71,21.18,3.781,888
2023-03-11T00:00:00.000Z,7.47,19.07,15.15,13.52,17.77,3.129,836
2023-03-12T00:00:00.000Z,5.87,13.9,9.56,8.47,11.69,2.283,767
2023-03-13T00:00:00.000Z,4.26,16.89,10.98,6.8,15.43,4.074,866
2023-03-14T00:00:00.000Z,3.44,19.86,13.69,7.39,17.95,5.373,906
2023-03-15T00:00:00.000Z,2.89,16.95,10.1,5.64,14.53,4.667,955
2023-03-16T00:00:00.000Z,5.39,11.2,7.35,6.34,8.97,1.629,843
2023-03-17T00:00:00.000Z,6.19,16.27,11.41,8.42,13.48,2.752,886
2023-03-18T00:00:00.000Z,7.22,14.5,10.97,9.77,12.17,1.911,816
2023-03-19T00:00:00.000Z,8.03,19.02,13.68,9.89,17.23,3.595,880
2023-03-20T00:00:00.000Z,7.06,21.16,14.53,11.53,19.48,4.491,919
2023-03-21T00:00:00.000Z,7.38,20.13,14.92,10.58,18.02,3.933,820
2023-03-22T00:00:00.000Z,9.68,15.29,12.42,11.45,13.23,1.297,719
2023-03-23T00:00:00.000Z,10.82,20.47,15.9,12.62,18.98,3.236,807
2023-03-24T00:00:00.000Z,10.71,23.4,17.35,13.42,21.91,4.237,813
2023-03-25T00:00:00.000Z,10.3,26.37,19.72,15.22,24.27,5.189,826
2023-03-26T00:00:00.000Z,10.4,22.27,16.23,14.1,20.12,3.388,774
2023-03-27T00:00:00.000Z,7.06,24.39,13.84,10.39,16.78,4.847,916
2023-03-28T00:00:00.000Z,4.69,11.89,7.91,7.39,10.14,1.859,741
2023-03-29T00:00:00.000Z,3.18,13.27,6.35,4.99,8.48,2.302,843
2023-03-30T00:00:00.000Z,2.12,15.73,11.75,9.74,14.91,4.233,773
2023-03-31T00:00:00.000Z,10.09,21.76,14.61,11.11,18.69,3.914,845
2023-04-01T00:00:00.000Z,10.79,19.21,14.31,12.99,17.48,2.576,824
2023-04-02T00:00:00.000Z,11.86,19.07,14.57,12.9,15.82,2.054,803
2023-04-03T00:00:00.000Z,4.09,17.23,13.2,9.9,16.21,3.999,877
2023-04-04T00:00:00.000Z,1.99,4.95,3.34,2.98,3.72,0.598,633
2023-04-08T00:00:00.000Z,5.95,15.96,13.95,11.13,14.7,2.067,725
2023-04-09T00:00:00.000Z,8.14,19.23,15.86,9.51,17.79,3.955,667
2023-04-12T00:00:00.000Z,11.65,18.28,15.11,13.7,16.94,1.971,562
2023-04-13T00:00:00.000Z,9.52,22.29,18.14,12.33,20.36,4.18,816
2023-04-14T00:00:00.000Z,9.46,24.23,17.48,13.63,21.52,4.38,862
2023-04-15T00:00:00.000Z,13.2,24.67,18.2,15.45,23.51,3.937,814
2023-04-16T00:00:00.000Z,11.13,18.79,13.26,12.37,15.84,2.089,860
2023-04-17T00:00:00.000Z,8.9,11.99,10.87,10.49,11.36,0.662,739
2023-04-18T00:00:00.000Z,8.85,17.21,13.03,11.33,15.29,2.38,918
2023-04-19T00:00:00.000Z,11.48,19.93,14.99,14.16,17.64,2.408,676
2023-04-20T00:00:00.000Z,12.62,20.47,15.28,13.83,17.88,2.382,701
2023-04-21T00:00:00.000Z,11.6,20.14,17.25,13.81,18.66,2.617,803
2023-04-22T00:00:00.000Z,11.02,22.21,17.36,14.54,20.52,3.335,836
2023-04-23T00:00:00.000Z,11.11,24.39,18.54,15.23,23.03,4.091,825
2023-04-24T00:00:00.000Z,11.87,24.94,20.13,17.05,23.64,4.225,814
2023-04-25T00:00:00.000Z,11.57,21.43,16.41,15.48,18,2.204,896
2023-04-26T00:00:00.000Z,9.88,23.08,12.74,11.55,20.14,4.453,887
2023-04-27T00:00:00.000Z,10.25,18.27,14.6,12.07,16.73,2.448,678
2023-04-28T00:00:00.000Z,9.58,18.82,14.97,11.43,17.37,3.019,928
2023-04-29T00:00:00.000Z,8.36,20.77,15.97,12.71,19.07,3.64,850
2023-04-30T00:00:00.000Z,11.01,24.63,17.21,15.61,23.55,4.483,823
2023-05-01T00:00:00.000Z,14.34,24.83,20,16.03,23.3,3.61,851
2023-05-02T00:00:00.000Z,11.07,26.45,16.8,13.24,23.69,5.122,881
2023-05-03T00:00:00.000Z,9.27,22.13,17.32,13.87,20.1,3.891,795
2023-05-04T00:00:00.000Z,11.7,18.71,15.27,12.61,17.51,2.39,767
2023-05-05T00:00:00.000Z,14.45,22.87,19.77,16.92,21.74,2.786,637
2023-05-06T00:00:00.000Z,14.84,22.95,18.96,16.79,21.43,2.483,918
2023-05-07T00:00:00.000Z,13.37,25.97,20.84,16.04,24.43,4.172,844
2023-05-08T00:00:00.000Z,7.92,16.16,12.87,9.71,14.24,2.381,773
2023-05-09T00:00:00.000Z,7.94,15.77,13.24,10.54,14.17,2.203,725
2023-05-10T00:00:00.000Z,10.62,21.09,16.26,12.49,19.2,3.401,775
2023-05-11T00:00:00.000Z,8.82,20.23,16.04,11.97,19.09,3.7,919
2023-05-12T00:00:00.000Z,9.3,19.68,15.77,13.69,18.12,3.033,806
2023-05-13T00:00:00.000Z,11.77,22.32,17.95,14.35,20.34,3.272,870
2023-05-14T00:00:00.000Z,11.66,25.36,19.26,15.26,23.96,4.464,888
2023-05-15T00:00:00.000Z,11.7,26.94,20.36,16.07,24.09,4.702,933
2023-05-16T00:00:00.000Z,14.7,27.71,20.39,16.39,25.92,4.535,981
2023-05-17T00:00:00.000Z,15.49,23.55,18.73,17.57,20.94,2.127,711
2023-05-18T00:00:00.000Z,15.82,24,20.37,17.18,23.1,2.811,820
2023-05-19T00:00:00.000Z,17.17,27.21,21.54,19.82,24.68,3.082,851
2023-05-20T00:00:00.000Z,17.55,27.21,20.98,18.89,22.87,2.864,926
2023-05-21T00:00:00.000Z,15.48,26.74,19.01,16.97,23.44,3.651,976
2023-05-22T00:00:00.000Z,16.79,25.27,22.28,19.26,24.53,2.577,889
2023-05-23T00:00:00.000Z,17.48,27.27,23.03,20.43,26.03,2.992,988
2023-05-24T00:00:00.000Z,17.68,30.46,25.3,21.34,29.02,4.245,985
2023-05-25T00:00:00.000Z,19.05,30.96,24.03,21.8,25.98,3.354,913
2023-05-26T00:00:00.000Z,19.03,28.24,24.24,20.78,26.29,2.78,904
2023-05-27T00:00:00.000Z,16.69,27.97,21.68,19.84,25.52,3.142,971
2023-05-28T00:00:00.000Z,16.7,23.85,20.78,18.91,22.81,1.966,886
2023-05-29T00:00:00.000Z,17.8,26.6,23.9,19.36,25.26,2.796,859
2023-05-30T00:00:00.000Z,19.78,31.3,25.94,22.74,29.53,3.544,887
2023-05-31T00:00:00.000Z,20.37,31.48,27.39,24.3,30.13,3.267,862
2023-06-01T00:00:00.000Z,20.09,29.13,25.37,23.5,27.02,2.404,959
2023-06-02T00:00:00.000Z,18.77,33.59,24.93,22.78,31.83,4.795,844
2023-06-03T00:00:00.000Z,17.92,26.67,21.93,19.76,24.78,2.619,848
2023-06-04T00:00:00.000Z,16.76,26.17,23.06,18.73,24.54,2.978,784
2023-06-05T00:00:00.000Z,16.68,29.13,22.83,19.48,27.77,4.008,910
2023-06-06T00:00:00.000Z,15.1,29.32,23.95,19.23,28.22,4.709,906
2023-06-07T00:00:00.000Z,16.61,28.62,23.74,19.57,27.3,4.046,938
2023-06-08T00:00:00.000Z,16.86,29.85,25.52,20.85,28.83,4.323,890
2023-06-09T00:00:00.000Z,17.72,30.98,25.59,21.61,29.8,4.468,959
2023-06-10T00:00:00.000Z,19.88,31.7,26.25,22.85,29.91,3.687,898
2023-06-11T00:00:00.000Z,19.61,31.37,24.7,21.33,26.89,3.525,967
2023-06-12T00:00:00.000Z,16.41,25.74,20.78,18.84,24.24,2.988,901
2023-06-13T00:00:00.000Z,15.79,27.25,21.53,19.3,25.88,3.663,891
2023-06-14T00:00:00.000Z,18.18,30.42,26.24,21.78,29.32,3.996,764
2023-06-15T00:00:00.000Z,20.72,33.45,28.06,24.39,31.86,4.165,931
2023-06-16T00:00:00.000Z,20.55,32.49,27.05,23.75,30.87,3.738,911
2023-06-17T00:00:00.000Z,20.74,32.43,26.78,23.25,31.07,3.977,770
2023-06-18T00:00:00.000Z,21.63,31.78,26.44,24.27,28.14,3.052,836
2023-06-19T00:00:00.000Z,20.78,31.39,24.96,22.48,28.45,3.178,815
2023-06-20T00:00:00.000Z,20.87,31.31,27.98,24.24,29.69,3.135,904
2023-06-21T00:00:00.000Z,23.03,34.46,28.73,25.16,31.26,3.551,892
2023-06-22T00:00:00.000Z,23.13,34.58,29.76,26.75,33.2,3.64,819
2023-06-23T00:00:00.000Z,23.8,36.72,31.35,27.1,34.95,4.148,953
2023-06-24T00:00:00.000Z,24.56,38.47,29.67,26.33,36.7,4.938,976
2023-06-25T00:00:00.000Z,21.63,31.52,24.73,23.1,28.3,3.057,801
2023-06-26T00:00:00.000Z,22.4,30.74,27.19,24.95,29.51,2.554,842
2023-06-27T00:00:00.000Z,22.14,34.35,28.33,25.07,32.94,3.93,898
2023-06-28T00:00:00.000Z,16.44,25.07,21.32,18.05,23.67,2.758,779
2023-06-29T00:00:00.000Z,17.72,29.34,24.9,21.06,27.97,3.747,924
2023-06-30T00:00:00.000Z,19.14,32.65,25.85,23.02,31.01,4.25,859
2023-07-01T00:00:00.000Z,20.12,34.95,28.92,24.18,33.64,4.881,845
2023-07-02T00:00:00.000Z,22.13,34.63,28.55,25.3,31.49,3.535,937
2023-07-03T00:00:00.000Z,21.55,34.13,28.3,24.96,32.24,3.859,980
2023-07-04T00:00:00.000Z,23.37,36.26,28.46,25.15,34.72,4.699,904
2023-07-05T00:00:00.000Z,23.92,35.31,30.45,27.11,34.35,3.718,901
2023-07-06T00:00:00.000Z,23.75,37.82,30.4,26.9,36.06,4.563,1012
2023-07-07T00:00:00.000Z,23.54,36,26.79,25.05,33.4,4.194,871
2023-07-08T00:00:00.000Z,20.66,28,25.74,24.04,26.61,1.721,855
2023-07-09T00:00:00.000Z,20.01,32.82,28.46,24.88,31.59,3.914,912
2023-07-10T00:00:00.000Z,23.22,35.93,30.2,25.21,33.79,4.228,872
2023-07-11T00:00:00.000Z,22.66,36.09,30.79,25.19,34.22,4.507,921
2023-07-12T00:00:00.000Z,23.12,35.42,30.8,28.11,34.31,3.99,739
2023-07-13T00:00:00.000Z,26.44,42.84,34.65,30.41,38.71,4.593,949
2023-07-14T00:00:00.000Z,20.99,34.11,30.4,26.07,32.93,3.754,796
2023-07-15T00:00:00.000Z,24.83,30.22,26.35,25.63,27.87,1.415,89
2023-07-16T00:00:00.000Z,28.3,28.51,28.41,28.3,28.51,0.105,2
2023-07-17T00:00:00.000Z,27.15,28.44,27.61,27.29,28.12,0.484,4
2023-07-18T00:00:00.000Z,28.17,37.17,35.36,32.97,35.94,2.76,329
2023-07-19T00:00:00.000Z,25.63,34.31,27.61,26.14,29.02,1.808,201
2023-07-23T00:00:00.000Z,24.03,30.07,26.48,25.32,28.36,1.695,713
2023-07-24T00:00:00.000Z,22.74,36.22,31.88,28.31,34.75,3.709,675
2023-07-25T00:00:00.000Z,24.14,40.79,33.78,29.89,38.39,5.088,821
2023-07-26T00:00:00.000Z,22.44,41.77,33.38,28.05,38.65,5.871,843
2023-07-27T00:00:00.000Z,19.14,26.58,21.7,20.82,22.53,1.713,734
2023-07-28T00:00:00.000Z,17.86,30.52,25.8,22.52,28.98,3.916,835
2023-07-29T00:00:00.000Z,20.36,33.97,28.7,25.41,32.56,4.162,836
2023-07-30T00:00:00.000Z,23.27,36.25,33.86,25.75,34.45,4.546,653
2023-07-31T00:00:00.000Z,21.73,30.8,24.7,23.49,26.41,1.882,702
2023-08-01T00:00:00.000Z,21.81,33.4,29.34,25.59,31.2,3.395,861
2023-08-02T00:00:00.000Z,22.96,35.74,28.26,25.21,32.7,3.944,837
2023-08-03T00:00:00.000Z,22.65,37.35,31.79,28.33,35.11,4.45,835
2023-08-04T00:00:00.000Z,25.57,41.64,32.75,27.95,38.94,5.318,1021
2023-08-05T00:00:00.000Z,23.95,36.03,29.87,26.57,34.15,3.763,954
2023-08-06T00:00:00.000Z,23.66,31.43,27.9,25.57,28.87,1.974,869
2023-08-07T00:00:00.000Z,20.3,30.88,26.63,23,29.64,3.522,843
2023-08-08T00:00:00.000Z,18.82,25.53,21.77,20.27,23.85,2.001,864
2023-08-09T00:00:00.000Z,18.22,30.03,25.66,22.03,29.04,3.777,861
2023-08-10T00:00:00.000Z,20.32,30.17,26.02,23.57,29.11,3.115,787
2023-08-11T00:00:00.000Z,20.87,31.63,27.36,24.87,30.37,3.311,837
2023-08-12T00:00:00.000Z,22.78,31.59,27.75,24.7,30.18,2.806,831
2023-08-13T00:00:00.000Z,22.35,33.39,30.23,25.23,32.27,3.774,590
2023-08-14T00:00:00.000Z,23.81,33.84,30.96,27.13,32.99,3.201,489
2023-08-15T00:00:00.000Z,22.42,32.65,28.29,23.93,30.99,3.386,861
2023-08-16T00:00:00.000Z,21.72,33.64,27.64,25.37,31.49,3.405,929
2023-08-17T00:00:00.000Z,23.68,34.63,30.29,27.37,33.61,3.482,735
2023-08-18T00:00:00.000Z,24.8,36.72,31.49,27.89,34.22,3.478,941
2023-08-19T00:00:00.000Z,25.58,35.15,31.12,27.71,33.29,2.963,879
2023-08-20T00:00:00.000Z,24.54,37.36,32.71,28.72,35.65,4.102,982
2023-08-21T00:00:00.000Z,26.81,39.15,30.33,28.84,36.72,3.983,869
2023-08-22T00:00:00.000Z,26.47,37.71,31.98,28.9,35.54,3.41,880
2023-08-23T00:00:00.000Z,26.31,38.53,33.06,28.62,36.25,3.914,872
2023-08-24T00:00:00.000Z,25.3,36.9,29.55,26.81,34.21,3.802,835
2023-08-25T00:00:00.000Z,25.23,36.96,30.97,28.24,34.86,3.661,901
2023-08-26T00:00:00.000Z,25.51,37.6,32,28.18,35.47,3.783,952
2023-08-27T00:00:00.000Z,23.83,37.24,30.3,26.73,34.29,4.066,875
2023-08-28T00:00:00.000Z,23.4,37.09,31.77,27.41,35.61,4.238,850
2023-08-29T00:00:00.000Z,24.08,38.81,32.28,28.09,35.22,4.362,867
2023-08-30T00:00:00.000Z,21.13,35.61,27.23,24.92,33.29,4.627,842
2023-08-31T00:00:00.000Z,22.35,33.24,29.03,25.28,31.53,3.371,737
2023-09-01T00:00:00.000Z,21.2,32.33,28.37,24.8,30.74,3.307,709
2023-09-02T00:00:00.000Z,21.26,31.76,28.71,25.33,30.76,3.135,673
2023-09-03T00:00:00.000Z,20.52,33.82,24.55,22.4,31.9,4.642,863
2023-09-04T00:00:00.000Z,19.89,24.64,21.49,20.39,23.23,1.439,712
2023-09-05T00:00:00.000Z,19.14,26.22,23.42,21.18,25.13,2.268,756
2023-09-06T00:00:00.000Z,19.97,29.07,24.88,21.89,28.06,3.106,775
2023-09-07T00:00:00.000Z,19.03,29.8,24.97,22.48,28.46,3.429,830
2023-09-08T00:00:00.000Z,18.91,28.76,24.38,21.25,27.88,3.203,836
2023-09-09T00:00:00.000Z,17.85,31.04,25.65,22.15,30.22,4.337,813
2023-09-10T00:00:00.000Z,18.02,29.05,23.57,20.64,28.01,3.535,849
2023-09-11T00:00:00.000Z,16.73,29.74,23.76,20.32,28.41,4.186,863
2023-09-12T00:00:00.000Z,17.34,32.44,26.67,22.23,31.01,4.659,831
2023-09-13T00:00:00.000Z,18.87,34.19,26.65,23.33,31.95,4.925,829
2023-09-14T00:00:00.000Z,19.97,35.22,29.65,26.44,33.68,4.736,747
2023-09-15T00:00:00.000Z,21.53,30.75,25.94,24.95,29.05,2.634,783
2023-09-16T00:00:00.000Z,20.64,25.77,23.48,22.05,24.95,1.5,681
2023-09-17T00:00:00.000Z,19.35,29.55,23.66,21.14,26.81,3.023,830
2023-09-18T00:00:00.000Z,17.32,28.82,22.92,19.44,26.95,3.717,845
2023-09-19T00:00:00.000Z,16.54,29.95,24.24,20.61,28.06,4.259,843
2023-09-20T00:00:00.000Z,18.82,29.55,23.51,21.11,26.78,3.344,738
2023-09-21T00:00:00.000Z,17.86,31.89,26.18,22.83,29.29,4.196,833
2023-09-22T00:00:00.000Z,20.49,33.64,26.47,22.98,31.81,4.389,881
2023-09-23T00:00:00.000Z,19.72,35.26,26.87,22.81,32.44,4.912,965
2023-09-24T00:00:00.000Z,20.39,32.42,26.09,21.99,29.67,3.805,838
2023-09-25T00:00:00.000Z,20.19,29.18,25.52,22.13,27.93,2.868,774
2023-09-26T00:00:00.000Z,18.72,29.33,24.88,21.04,27.99,3.461,853
2023-09-27T00:00:00.000Z,19.12,28.5,24.16,20.8,27.38,3.133,732
2023-09-28T00:00:00.000Z,20.62,28.88,26.5,23.93,27.97,2.408,547
2023-09-29T00:00:00.000Z,20.1,29.64,25.3,22.75,28.01,3.022,709
2023-09-30T00:00:00.000Z,20.45,29.69,23.99,21.61,29.07,3.387,754
2023-10-01T00:00:00.000Z,19.44,29.67,24.86,22.23,27.92,3.011,623
2023-10-02T00:00:00.000Z,16.82,24.76,20.13,18.32,22.57,2.452,806
2023-10-03T00:00:00.000Z,14.15,26.69,20.04,16.57,24.55,4.035,884
2023-10-04T00:00:00.000Z,14.8,29.64,22.23,18.3,27.73,4.801,805
2023-10-05T00:00:00.000Z,18.67,27.84,22.8,19.86,26.17,3.028,802
2023-10-06T00:00:00.000Z,16.48,27.24,21.37,19.18,25.4,3.173,906
2023-10-07T00:00:00.000Z,14.51,27.2,19.87,16.3,24.76,4.074,845
2023-10-08T00:00:00.000Z,12.49,30.73,16.94,14.57,27,6.184,871
2023-10-09T00:00:00.000Z,11.98,20.22,16.55,14.13,18.93,2.616,666
2023-10-10T00:00:00.000Z,12.18,22.22,16.32,13.92,19.3,2.949,799
2023-10-11T00:00:00.000Z,7.2,22.47,16.23,12.62,20.35,4.521,859
2023-10-12T00:00:00.000Z,9.27,25.91,20.07,17.07,24.63,4.674,773
2023-10-13T00:00:00.000Z,13.43,27.32,19.5,16.55,24.99,4.394,879
2023-10-14T00:00:00.000Z,14.25,29.48,20.68,17.14,26.73,4.987,774
2023-10-15T00:00:00.000Z,14.74,29.33,22.55,16.72,26.67,4.769,695
2023-10-16T00:00:00.000Z,9.85,17.68,14.22,12.17,15.73,2.176,792
2023-10-17T00:00:00.000Z,8.17,18.44,13.84,12.25,16.16,3.004,687
2023-10-18T00:00:00.000Z,10.42,21.33,15.11,12.3,19.48,3.539,723
2023-10-19T00:00:00.000Z,9.86,23.15,16.77,14.85,21.42,4.027,754
2023-10-20T00:00:00.000Z,13.24,28.6,21.53,17.73,25.91,4.829,774
2023-10-21T00:00:00.000Z,15.85,33.22,26.38,20.42,31.65,6.007,649
2023-10-22T00:00:00.000Z,19.54,21.84,20.92,20.29,21.65,0.734,122
2023-10-23T00:00:00.000Z,17.26,28.25,22.45,19.16,26.01,3.585,824
2023-10-24T00:00:00.000Z,15.26,27.55,20.3,17.76,25.05,3.895,787
2023-10-25T00:00:00.000Z,16.57,28.2,22.39,19.47,26.01,3.635,779
2023-10-26T00:00:00.000Z,18.71,26.64,21.64,19.8,24.08,2.435,752
2023-10-27T00:00:00.000Z,16.14,27.47,20.97,19.18,24.55,3.198,792
2023-10-28T00:00:00.000Z,17.57,28.32,21.45,19.82,25.22,2.942,727
2023-10-29T00:00:00.000Z,15.12,27.96,20.19,16.92,24.78,3.779,704
2023-10-30T00:00:00.000Z,13.29,29.51,19.66,16.05,25.61,4.902,804
2023-10-31T00:00:00.000Z,13.15,29.51,20.36,17.48,25.99,4.78,830
2023-11-01T00:00:00.000Z,12.51,26.15,18.73,17.46,21.58,3.141,774
2023-11-02T00:00:00.000Z,10.86,18.16,15.71,12.79,16.97,2.286,657
2023-11-03T00:00:00.000Z,12.43,22.63,18.21,14.74,20.34,3.237,731
2023-11-04T00:00:00.000Z,13.99,19.6,17.8,16.8,18.57,1.433,549
2023-11-05T00:00:00.000Z,12.32,22.81,17.07,15.89,19.67,3.069,780
2023-11-06T00:00:00.000Z,13.69,23.17,17.67,15.05,21.34,2.983,664
2023-11-07T00:00:00.000Z,12.65,23.41,17.13,14.28,21.44,3.563,708
2023-11-08T00:00:00.000Z,11.75,19.13,15.32,13.01,17.02,2.138,659
2023-11-09T00:00:00.000Z,8.47,18.14,12.54,10.4,16.19,3.054,538
2023-11-10T00:00:00.000Z,6.52,19.16,15.59,10.36,17.34,3.986,737
2023-11-11T00:00:00.000Z,9.27,18.38,14.32,12.7,16.84,2.532,557
2023-11-12T00:00:00.000Z,8.77,15.42,12.13,9.61,14.54,2.362,468
2023-11-13T00:00:00.000Z,6.4,16.38,10.89,8.69,14.24,3.187,686
2023-11-14T00:00:00.000Z,7.63,19.98,17.04,14.54,18.87,3.381,541
2023-11-15T00:00:00.000Z,13.01,18.23,15.5,14.59,17.05,1.419,519
2023-11-16T00:00:00.000Z,7.44,23.04,13.98,11.09,17.69,3.567,717
2023-11-17T00:00:00.000Z,7.13,13.04,10.72,9.52,11.34,1.552,586
2023-11-18T00:00:00.000Z,4.88,11.6,7.6,6.1,10.59,2.196,638
2023-11-19T00:00:00.000Z,4.48,14.87,8.63,7.05,12.47,2.873,678
2023-11-20T00:00:00.000Z,3.25,12.84,9.46,6.08,11.17,3.066,728
2023-11-21T00:00:00.000Z,7.43,17.55,11.63,9.44,16.14,3.248,819
2023-11-22T00:00:00.000Z,6.14,10.24,9.31,8.06,9.64,1.071,571
2023-11-23T00:00:00.000Z,3.98,10.27,8.27,7.13,9.23,1.547,658
2023-11-24T00:00:00.000Z,6.6,15.64,12.04,8.74,13.35,2.516,662
2023-11-25T00:00:00.000Z,-0.05,11.79,3.87,1.8,5.78,2.86,455
2023-11-26T00:00:00.000Z,0.49,8.02,4.88,3.3,6.2,2.084,592
2023-11-27T00:00:00.000Z,1.74,11.45,4.97,3.51,6.96,2.176,656
2023-11-28T00:00:00.000Z,3.49,10.33,6,5.14,7.05,1.503,741
2023-11-29T00:00:00.000Z,3.8,15.27,7.06,5.95,9.89,2.62,815
2023-11-30T00:00:00.000Z,1.98,13.36,6.01,4.23,8.28,2.637,653
2023-12-01T00:00:00.000Z,4.53,13.97,10.02,8.02,11.07,2.794,669
2023-12-02T00:00:00.000Z,8.03,20.41,13.18,12.61,16.93,3.214,677
2023-12-03T00:00:00.000Z,5.54,13.47,9.43,6.47,11.16,2.561,708
2023-12-04T00:00:00.000Z,1.83,7.6,5.2,4.59,6.11,1.386,604
2023-12-05T00:00:00.000Z,0.92,8.02,5.36,3.8,6.78,1.999,618
2023-12-06T00:00:00.000Z,2.04,9.84,6.95,6.18,7.58,1.746,824
2023-12-07T00:00:00.000Z,1.04,3.17,2,1.51,2.52,0.561,678
2023-12-08T00:00:00.000Z,2.85,5.82,4.66,4.3,5.01,0.614,492
2023-12-09T00:00:00.000Z,2.21,5.26,3.73,3.37,4.13,0.629,576
2023-12-10T00:00:00.000Z,3.84,5.39,4.57,4.28,4.84,0.375,507
2023-12-11T00:00:00.000Z,2.89,7,5.18,4.93,6.04,1.026,470
2023-12-12T00:00:00.000Z,4.13,11.08,6.64,5.6,9.35,1.99,745
2023-12-13T00:00:00.000Z,3.83,8.99,6.34,5.16,7.55,1.413,620
2023-12-14T00:00:00.000Z,7.27,12.42,10.23,8.58,10.85,1.328,691
2023-12-15T00:00:00.000Z,4.97,8.3,6.34,5.91,7.27,0.866,595
2023-12-16T00:00:00.000Z,2.45,7.88,5.32,4.42,6.69,1.421,663
2023-12-17T00:00:00.000Z,2.42,6.33,4.69,3.98,5.05,0.95,653
2023-12-18T00:00:00.000Z,2.38,12.13,7.15,5.12,9.36,2.793,842
2023-12-19T00:00:00.000Z,3.71,16.39,8.08,5.24,11.37,3.328,739
2023-12-20T00:00:00.000Z,4.09,11.73,7.87,5.45,9.49,2.188,772
2023-12-21T00:00:00.000Z,2.99,12.82,6.53,5.2,10.03,2.693,884
2023-12-22T00:00:00.000Z,2.79,11.25,6.7,4.12,9.33,2.517,766
2023-12-23T00:00:00.000Z,6.45,10.1,7.51,6.99,8.11,0.924,598
2023-12-24T00:00:00.000Z,2.35,13.37,9.43,6.17,11.08,3.102,702
2023-12-25T00:00:00.000Z,8.05,18.05,13.47,9.81,16.16,3.209,789
2023-12-26T00:00:00.000Z,9.66,19.29,14.01,11.51,17.05,2.988,775
2023-12-27T00:00:00.000Z,6.56,19.26,11.22,9.14,15.99,3.52,741
2023-12-28T00:00:00.000Z,4.87,17.96,10,7.55,13.11,3.411,660
2023-12-29T00:00:00.000Z,4.54,15.94,10.19,7.27,12.73,3.103,671
2023-12-30T00:00:00.000Z,6.7,16.54,10.28,8,12.58,2.606,619
2023-12-31T00:00:00.000Z,4.87,18,9.64,7.54,13.59,3.485,650
2024-01-01T00:00:00.000Z,4.32,16.09,9.61,8.55,12.73,3.07,714
2024-01-02T00:00:00.000Z,5.59,13.28,8.82,7.97,10.42,1.972,706
2024-01-03T00:00:00.000Z,5.38,10.27,8.74,6.8,9.61,1.465,698
2024-01-04T00:00:00.000Z,6.96,17.71,9.91,8.13,14.02,3.106,686
2024-01-05T00:00:00.000Z,7.51,20.99,10.62,8.73,14.45,3.323,675
2024-01-06T00:00:00.000Z,7.95,15.96,10.97,9.1,13.8,2.47,622
2024-01-07T00:00:00.000Z,3.8,9.18,7,4.86,7.93,1.563,621
2024-01-08T00:00:00.000Z,-3.47,4.88,1.11,-2.65,2.24,2.617,522
2024-01-09T00:00:00.000Z,-4.33,-0.53,-3.12,-3.53,-2.12,0.984,796
2024-01-10T00:00:00.000Z,-3.26,7.99,-0.7,-2,2.95,2.913,738
2024-01-11T00:00:00.000Z,-4.8,8.77,-0.82,-2.75,3.29,3.351,842
2024-01-12T00:00:00.000Z,-1.5,4.37,0.65,-0.1,3.13,1.713,718
2024-01-13T00:00:00.000Z,-2.06,5.07,0.6,-0.84,3.27,2.162,793
2024-01-14T00:00:00.000Z,-2.75,7.95,3.72,0.1,5.46,3.126,735
2024-01-15T00:00:00.000Z,1.13,15.01,7.24,5.78,10.61,3.613,777
2024-01-16T00:00:00.000Z,1.28,12.52,7.23,5.18,9.52,2.838,873
2024-01-17T00:00:00.000Z,-0.14,12.91,6.77,1.61,8.46,3.621,697
2024-01-18T00:00:00.000Z,6.15,13.72,8.64,7.34,10.76,2.185,805
2024-01-19T00:00:00.000Z,2.86,16.1,7.14,5.21,12.68,4.198,938
2024-01-20T00:00:00.000Z,0.19,4.88,2.14,1.17,3.37,1.273,611
2024-01-21T00:00:00.000Z,-3.64,4.51,0.85,-0.7,2.78,2.235,674
2024-01-22T00:00:00.000Z,-4.22,0.93,-2.56,-3.16,-1.36,1.362,690
2024-01-23T00:00:00.000Z,-5.69,-0.69,-2.12,-3.24,-1.63,1.292,681
2024-01-24T00:00:00.000Z,-2,3.07,0.3,-0.66,1.15,1.282,663
2024-01-25T00:00:00.000Z,-0.28,12.72,6.59,1.53,8.17,3.472,769
2024-01-26T00:00:00.000Z,2.82,10.49,6.58,4.55,8.38,2.115,654
2024-01-27T00:00:00.000Z,1.76,8.69,6.21,5.13,7.08,1.837,581
2024-01-28T00:00:00.000Z,3.34,10.02,5.93,4.84,6.99,1.584,552
2024-01-29T00:00:00.000Z,1.64,9.52,4.47,3.2,6.22,2.049,758
2024-01-30T00:00:00.000Z,1.56,11.34,4.74,2.7,7.05,2.43,735
2024-01-31T00:00:00.000Z,-0.52,11.83,5.17,1.9,8.48,3.466,719
2024-02-01T00:00:00.000Z,0.57,12.14,6.06,3.79,8.59,3.062,772
2024-02-02T00:00:00.000Z,3.22,9.33,5.84,4.5,7.34,1.741,750
2024-02-03T00:00:00.000Z,1.19,12.01,8.36,3.32,10.13,3.548,762
2024-02-04T00:00:00.000Z,5.7,15.12,11.02,8.36,12.63,2.783,673
2024-02-05T00:00:00.000Z,7.79,20.34,15.23,12.08,18.05,3.736,747
2024-02-06T00:00:00.000Z,10.13,23.14,16.05,12.35,20.12,3.932,792
2024-02-07T00:00:00.000Z,7.76,17.97,10.7,8.59,13.33,2.914,297
2024-02-08T00:00:00.000Z,9.44,19.57,16.47,12.95,18.86,3.285,417
2024-02-09T00:00:00.000Z,8.35,17.96,13.26,12.5,15.73,2.505,244
2024-02-10T00:00:00.000Z,11.25,20.05,14.21,13.61,17.27,2.414,400
2024-02-11T00:00:00.000Z,12.36,21.41,17.73,14.14,19.37,2.833,360
2024-02-12T00:00:00.000Z,10.72,20.63,17.76,14.2,18.61,2.723,273
2024-02-13T00:00:00.000Z,7.48,17.2,13.59,11.42,15.74,3.012,238
2024-02-14T00:00:00.000Z,8.5,13.86,11.1,9.77,11.87,1.422,209
2024-02-15T00:00:00.000Z,6.52,14.53,11.89,9.82,13.47,2.307,597
2024-02-16T00:00:00.000Z,8.41,15.97,10.84,9.46,13.35,2.064,643
2024-02-17T00:00:00.000Z,5.89,10.14,8.42,7.43,9.03,1.128,679
2024-02-18T00:00:00.000Z,4.13,12.82,7.29,5.38,11.66,3.083,509
2024-02-19T00:00:00.000Z,6.21,11.5,6.75,6.27,10.19,1.985,38
2024-02-20T00:00:00.000Z,4.29,11.62,6.7,4.72,8,2.348,36
2024-02-21T00:00:00.000Z,8.32,12.02,9.82,9.07,11.29,1.133,169
2024-02-22T00:00:00.000Z,5.19,18.16,12.04,9.02,14.68,3.251,669
2024-02-23T00:00:00.000Z,7.35,21.32,13.77,10.57,18.47,4.266,714
2024-02-24T00:00:00.000Z,9.61,10.36,9.77,9.74,10.18,0.242,34
2024-02-27T00:00:00.000Z,7.65,9.59,8.03,7.93,9.38,0.736,23
2024-02-28T00:00:00.000Z,5.3,14.93,9.66,7.37,12.1,2.659,592
2024-02-29T00:00:00.000Z,6.38,11.33,7.35,7.09,8.61,1.331,633
2024-03-01T00:00:00.000Z,7.06,11.18,8.9,7.43,9.19,1.19,411
2024-03-02T00:00:00.000Z,6.59,13.79,10.07,7.93,11.9,2.251,779
2024-03-03T00:00:00.000Z,7.46,15.87,11.36,8.71,14.16,2.832,693
2024-03-04T00:00:00.000Z,5.34,17.71,11.76,7.82,16.45,4.147,813
2024-03-05T00:00:00.000Z,5.55,12.55,7.84,6.77,9.78,2.048,792
2024-03-06T00:00:00.000Z,6.66,13.72,10.68,7.86,12.33,2.267,724
2024-03-07T00:00:00.000Z,6.01,11.86,7.89,7.14,10.02,1.685,719
2024-03-08T00:00:00.000Z,4.41,11.15,7.45,5.68,9.48,2.055,691
2024-03-09T00:00:00.000Z,3.64,15.07,9.91,6.65,13.56,3.635,844
2024-03-10T00:00:00.000Z,4.63,19.88,13.06,8.77,17.46,4.615,782
2024-03-11T00:00:00.000Z,7.04,15.92,10.15,9.24,13.4,2.714,807
2024-03-12T00:00:00.000Z,7.94,15.23,11.33,9.5,13.33,2.041,692
2024-03-13T00:00:00.000Z,8.58,13.99,12.24,10.7,13.37,1.61,530
2024-03-14T00:00:00.000Z,7.31,11.65,9.4,8.4,10.52,1.283,578
2024-03-15T00:00:00.000Z,7.54,12.26,10.44,8.73,11.6,1.435,541
2024-03-16T00:00:00.000Z,8.57,16.95,13.82,9.94,16.05,2.929,736
2024-03-17T00:00:00.000Z,6.94,20.67,14.24,11.13,17.71,4.098,713
2024-03-18T00:00:00.000Z,5.97,16.72,11.52,9.68,14.98,2.917,837
2024-03-19T00:00:00.000Z,3.11,9.69,5.71,4.34,7.57,1.938,725
2024-03-20T00:00:00.000Z,3.19,15.98,10.17,5.41,13.06,3.893,905
2024-03-21T00:00:00.000Z,5.25,13.77,8.49,6.83,11.42,2.602,883
2024-03-22T00:00:00.000Z,5.94,16.5,11.5,8.14,14.56,3.368,837
2024-03-23T00:00:00.000Z,6.4,21.09,14.41,10.9,18.97,4.591,822
2024-03-24T00:00:00.000Z,8.3,23.19,15.35,10.64,21.17,5.136,864
2024-03-25T00:00:00.000Z,5.2,13.64,9.63,7.59,11.29,2.382,822
2024-03-26T00:00:00.000Z,5.32,19.85,13.25,8.77,16.97,4.517,785
2024-03-27T00:00:00.000Z,8.82,19.09,14.46,10.11,17.85,3.686,741
2024-03-28T00:00:00.000Z,8.44,21.95,16.72,12.51,20.45,4.439,741
2024-03-29T00:00:00.000Z,13.58,25.77,18.3,14.58,24.92,4.74,584
2024-03-30T00:00:00.000Z,13.25,27.8,22.22,16.23,26.85,5.091,798
2024-03-31T00:00:00.000Z,13.97,28.96,20.61,15.82,23.39,4.276,483
2024-04-01T00:00:00.000Z,15.71,31.19,23.27,18.68,28.93,5.008,793
2024-04-02T00:00:00.000Z,13.75,24.35,21.45,17.73,23.68,3.125,651
2024-04-03T00:00:00.000Z,11.17,23.81,19.69,16.35,22.42,3.603,742
2024-04-04T00:00:00.000Z,13.52,26.21,19.98,16.16,23.73,3.86,839
2024-04-05T00:00:00.000Z,12.32,25.22,20.66,17.67,23.91,4.029,779
2024-04-06T00:00:00.000Z,13.86,26.73,22.34,17.64,25.4,4.174,808
2024-04-07T00:00:00.000Z,15.04,22.44,19.38,16.62,21.29,2.396,754
2024-04-08T00:00:00.000Z,13,26.32,20.48,16.18,24.41,4.149,847
2024-04-09T00:00:00.000Z,12.68,27.38,20.35,15.71,24.31,4.499,837
2024-04-10T00:00:00.000Z,12.43,25.63,19.45,15.36,24.38,4.448,865
2024-04-11T00:00:00.000Z,13.27,28.01,22.33,19.89,26.98,4.848,844
2024-04-12T00:00:00.000Z,17.3,27.06,22.26,19,25.25,3.225,822
2024-04-13T00:00:00.000Z,17.16,27.82,22.73,19.05,26.49,3.557,773
2024-04-14T00:00:00.000Z,15.97,29.81,24.02,20.68,28.09,4.302,768
2024-04-15T00:00:00.000Z,16.25,32.46,25.02,19.8,30.41,5.271,749
2024-04-16T00:00:00.000Z,19.67,31.91,26.11,22.09,29.75,3.846,799
2024-04-17T00:00:00.000Z,11.77,24.07,19.8,17.41,21.6,3.539,806
2024-04-18T00:00:00.000Z,10,18.07,12.98,11.27,15.13,2.374,698
2024-04-19T00:00:00.000Z,7.52,18.3,13.72,10.56,17.36,3.557,875
2024-04-20T00:00:00.000Z,8.75,16.82,14.88,10.29,15.77,2.642,738
2024-04-21T00:00:00.000Z,11.67,22.29,17.3,14.38,19.98,3.148,758
2024-04-22T00:00:00.000Z,10.89,17.39,13.59,12.26,15.34,1.758,711
2024-04-23T00:00:00.000Z,9.83,13.44,11.72,10.64,12.58,1.053,611
2024-04-24T00:00:00.000Z,11.29,22.1,16.7,13.21,19.67,3.309,603
2024-04-25T00:00:00.000Z,13.12,21.99,17.19,15.51,19.05,2.344,653
2024-04-26T00:00:00.000Z,11.97,20.77,15.88,13.53,18.97,2.774,716
2024-04-27T00:00:00.000Z,10.98,23.48,19.52,15.57,22.42,3.818,706
2024-04-28T00:00:00.000Z,13.52,24.4,19.5,16.32,22.63,3.399,691
2024-04-29T00:00:00.000Z,13.88,21.81,19.14,16.96,20.93,2.402,807
2024-04-30T00:00:00.000Z,13.26,20.36,15.78,14.41,17.8,2.108,759
2024-05-01T00:00:00.000Z,12.95,23.28,18.76,15.76,21.77,3.316,744
2024-05-02T00:00:00.000Z,15.13,21.35,17.92,16.27,19.09,1.753,703
2024-05-03T00:00:00.000Z,14.21,19.88,17.2,15.73,18.3,1.533,615
2024-05-04T00:00:00.000Z,14.03,21.65,17.82,15.26,18.93,2.112,529
2024-05-05T00:00:00.000Z,14.12,25.24,20.95,18.45,24.03,3.047,700
2024-05-06T00:00:00.000Z,14.43,28.97,23.45,19.07,27.57,4.676,739
2024-05-07T00:00:00.000Z,17.66,31.27,22.8,19.18,28,4.646,803
2024-05-08T00:00:00.000Z,15.1,22.26,19.57,17.95,21.26,2.054,683
2024-05-09T00:00:00.000Z,13.34,19.45,15.51,14.28,17.8,1.811,752
2024-05-10T00:00:00.000Z,12.82,23.28,19.04,15.87,22.44,3.561,615
2024-05-11T00:00:00.000Z,12.86,26.25,22.04,19.3,24.82,3.449,552
2024-05-12T00:00:00.000Z,10.99,19.6,16.73,13.6,17.89,2.408,800
2024-05-13T00:00:00.000Z,13.08,20.65,17.22,14.91,19.47,2.35,788
2024-05-14T00:00:00.000Z,13.28,24.79,18.11,14.06,22.16,3.722,421
2024-05-20T00:00:00.000Z,14.7,22.78,18.38,17.63,19.62,1.481,113
2024-05-21T00:00:00.000Z,13.8,28.22,22.02,17.66,26.46,4.729,712
2024-05-22T00:00:00.000Z,14.9,26.13,21.45,16.45,24.12,3.869,708
2024-05-23T00:00:00.000Z,16.01,24.66,20.02,18.07,22.32,2.536,623
2024-05-24T00:00:00.000Z,16.78,29.9,26.52,20.65,29.03,4.36,664
2024-05-25T00:00:00.000Z,17.29,28.92,22.46,19.72,25.77,3.427,603
2024-05-26T00:00:00.000Z,15.97,28.31,22.43,18.42,27.21,4.202,420
2024-05-27T00:00:00.000Z,14.28,21.87,18.9,15.43,19.69,2.275,471